time,feVelocity_ft_s_X,feVelocity_ft_s_Y,feVelocity_ft_s_Z,altitudeMsl_ft,longitude_deg,latitude_deg,localGravity_ft_s2,eulerAngle_deg_Yaw,eulerAngle_deg_Pitch,eulerAngle_deg_Roll,bodyAngularRateWrtEi_deg_s_Roll,bodyAngularRateWrtEi_deg_s_Pitch,bodyAngularRateWrtEi_deg_s_Yaw,altitudeRateWrtMsl_ft_min,speedOfSound_ft_s,airDensity_slug_ft3,ambientPressure_lbf_ft2,ambientTemperature_dgR,aero_bodyForce_lbf_X,aero_bodyForce_lbf_Y,aero_bodyForce_lbf_Z,aero_bodyMoment_ftlbf_L,aero_bodyMoment_ftlbf_M,aero_bodyMoment_ftlbf_N,mach,trueAirspeed_nmi_h
0.0,0.0,0.0,0.0,30000.0,0.0,0.0,32.10653699,0.0,0.0,0.0,0.0,0.0,0.0,0.0,994.8492583,8.90951E-4,629.8546116,411.8392612,0.0,0.0,0.0,0.0,0.0,0.0,1.01E-8,5.92E-6
0.1,-2.66E-12,2.1E-5,3.199507647,29999.84002,1.82E-12,-2.1E-20,32.10653738,-1.19E-26,-1.53E-20,-4.17807E-4,0.0,0.0,0.0,-191.9704588,994.8499466,8.90956E-4,629.8591389,411.8398311,-2.52E-10,5.29E-11,-7.25E-5,0.0,0.0,0.0,0.003216071,1.895656449
0.2,-5.46E-12,8.87E-5,6.398997488,29999.3601,1.58E-11,-4.02E-20,32.10653876,-2.58E-26,-3.44E-20,-8.35615E-4,0.0,0.0,0.0,-383.9398493,994.8520117,8.90972E-4,629.872771,411.8415408,-5.32E-10,2.36E-10,-3.23247E-4,0.0,0.0,0.0,0.00643211,3.791302348
0.3,-8.26E-12,2.02979E-4,9.598451706,29998.56023,5.46E-11,-5.93E-20,32.10654111,-3.98E-26,-5.36E-20,-0.001253422,0.0,0.0,0.0,-575.9071024,994.8554451,8.90998E-4,629.8954474,411.8443835,-8.12E-10,5.49E-10,-7.53063E-4,0.0,0.0,0.0,0.009648087,5.686927142
0.4,-1.11E-11,3.6396E-4,12.79785249,29997.44041,1.31E-10,-7.84E-20,32.10654445,-5.37E-26,-7.27E-20,-0.00167123,0.0,0.0,0.0,-767.8711494,994.8602553,8.91034E-4,629.9271791,411.8483661,-1.09E-9,9.93E-10,-0.001361997,0.0,0.0,0.0,0.01286397,7.582520278
0.5,-1.39E-11,5.71598E-4,15.99718202,29996.00066,2.58E-10,-9.76E-20,32.10654877,-6.77E-26,-9.18E-20,-0.002089037,0.0,0.0,0.0,-959.8309213,994.866442,8.91081E-4,629.9680164,411.8534885,-1.37E-9,1.57E-9,-0.002150079,0.0,0.0,0.0,0.016079728,9.478071199
0.6,-1.67E-11,8.2589E-4,19.19642248,29994.24098,4.48E-10,-1.17E-19,32.10655408,-8.16E-26,-1.11E-19,-0.002506845,0.0,0.0,0.0,-1151.785349,994.8739972,8.91138E-4,630.0178994,411.8597438,-1.65E-9,2.27E-9,-0.003117345,0.0,0.0,0.0,0.01929533,11.37356935
0.7,-1.95E-11,0.001126833,22.39555605,29992.16138,7.14E-10,-1.36E-19,32.10656036,-9.56E-26,-1.3E-19,-0.002924653,0.0,0.0,0.0,-1343.733363,994.8829289,8.91205E-4,630.0768892,411.867139,-1.93E-9,3.11E-9,-0.004263841,0.0,0.0,0.0,0.022510745,13.26900417
0.8,-2.23E-11,0.001474423,25.59456489,29989.76187,1.07E-9,-1.55E-19,32.10656763,-1.1E-25,-1.49E-19,-0.00334246,0.0,0.0,0.0,-1535.673894,994.8932372,8.91283E-4,630.1449367,411.875674,-2.21E-9,4.08E-9,-0.005589623,0.0,0.0,0.0,0.025725941,15.16436509
0.9,-2.51E-11,0.001868655,28.79343118,29987.04247,1.52E-9,-1.74E-19,32.10657588,-1.23E-25,-1.68E-19,-0.003760268,0.0,0.0,0.0,-1727.605871,994.9049137,8.91371E-4,630.2220322,411.8853419,-2.49E-9,5.18E-9,-0.007094752,0.0,0.0,0.0,0.028940888,17.05964156
1.0,-2.79E-11,0.002309523,31.99213707,29984.00319,2.09E-9,-1.93E-19,32.10658511,-1.37E-25,-1.87E-19,-0.004178076,0.0,0.0,0.0,-1919.528224,994.9179749,8.9147E-4,630.3082478,411.8961566,-2.77E-9,6.42E-9,-0.0087793,0.0,0.0,0.0,0.032155552,18.95482299
1.1,-3.07E-11,0.00279702,35.19066472,29980.64405,2.79E-9,-2.12E-19,32.10659532,-1.51E-25,-2.07E-19,-0.004595884,0.0,0.0,0.0,-2111.439883,994.932396,8.91578E-4,630.4035031,411.9080974,-3.05E-9,7.78E-9,-0.010643349,0.0,0.0,0.0,0.035369905,20.84989882
1.2,-3.35E-11,0.003331142,38.38899625,29976.96506,3.63E-9,-2.31E-19,32.10660651,-1.65E-25,-2.26E-19,-0.005013692,0.0,0.0,0.0,-2303.339775,994.9482018,8.91698E-4,630.5078309,411.9211848,-3.33E-9,9.29E-9,-0.012686985,0.0,0.0,0.0,0.038583915,22.74485846
1.3,-3.63E-11,0.003911879,41.58711382,29972.96626,4.62E-9,-2.51E-19,32.10661869,-1.79E-25,-2.45E-19,-0.005431501,0.0,0.0,0.0,-2495.226829,994.9653756,8.91827E-4,630.6212617,411.9354053,-3.61E-9,1.09E-8,-0.014910305,0.0,0.0,0.0,0.041797549,24.63969134
1.4,-3.91E-11,0.004539224,44.78499954,29968.64765,5.77E-9,-2.7E-19,32.10663184,-1.93E-25,-2.64E-19,-0.005849309,0.0,0.0,0.0,-2687.099972,994.9839172,8.91967E-4,630.7437468,411.9507587,-3.89E-9,1.27E-8,-0.017313415,0.0,0.0,0.0,0.045010778,26.53438684
1.5,-4.19E-11,0.005213167,47.98263552,29964.00926,7.1E-9,-2.89E-19,32.10664598,-2.07E-25,-2.83E-19,-0.006267118,0.0,0.0,0.0,-2878.958131,995.0038434,8.92118E-4,630.8753591,411.9672588,-4.17E-9,1.46E-8,-0.019896429,0.0,0.0,0.0,0.048223568,28.42893439
1.6,-4.47E-11,0.005933701,51.18000386,29959.05113,8.63E-9,-3.08E-19,32.1066611,-2.21E-25,-3.02E-19,-0.006684927,0.0,0.0,0.0,-3070.800232,995.0251373,8.92278E-4,631.0159791,411.9848918,-4.46E-9,1.67E-8,-0.022659468,0.0,0.0,0.0,0.051435891,30.32332337
1.7,-4.75E-11,0.006700814,54.37708665,29953.77327,1.04E-8,-3.27E-19,32.1066772,-2.35E-25,-3.21E-19,-0.007102736,0.0,0.0,0.0,-3262.625199,995.0477988,8.92449E-4,631.1657088,412.0036578,-4.74E-9,1.89E-8,-0.025602663,0.0,0.0,0.0,0.054647714,32.21754318
1.8,-5.03E-11,0.007514496,57.57386597,29948.17572,1.23E-8,-3.46E-19,32.10669428,-2.49E-25,-3.4E-19,-0.007520546,0.0,0.0,0.0,-3454.431958,995.0718363,8.92631E-4,631.3245608,412.0235637,-5.02E-9,2.12E-8,-0.028726155,0.0,0.0,0.0,0.057859005,34.11158318
1.9,-5.31E-11,0.008374735,60.77032387,29942.25851,1.45E-8,-3.65E-19,32.10671235,-2.63E-25,-3.6E-19,-0.007938355,0.0,0.0,0.0,-3646.219432,995.0972495,8.92823E-4,631.492437,412.0446094,-5.3E-9,2.37E-8,-0.032030088,0.0,0.0,0.0,0.061069734,36.00543276
2.0,-5.59E-11,0.009281519,63.9664424,29936.02167,1.69E-8,-3.85E-19,32.10673139,-2.77E-25,-3.79E-19,-0.008356165,0.0,0.0,0.0,-3837.986544,995.1240301,8.93025E-4,631.6694294,412.066788,-5.58E-9,2.64E-8,-0.035514619,0.0,0.0,0.0,0.06427987,37.89908127
2.1,-5.88E-11,0.010234837,67.16220359,29929.46523,1.95E-8,-4.04E-19,32.10675141,-2.91E-25,-3.98E-19,-0.008773975,0.0,0.0,0.0,-4029.732215,995.1521863,8.93237E-4,631.8555007,412.0901065,-5.86E-9,2.92E-8,-0.039179914,0.0,0.0,0.0,0.06748938,39.79251806
2.2,-6.16E-11,0.011234674,70.35758944,29922.58924,2.25E-8,-4.23E-19,32.10677242,-3.05E-25,-4.17E-19,-0.009191785,0.0,0.0,0.0,-4221.455366,995.1817096,8.9346E-4,632.0506428,412.114558,-6.14E-9,3.21E-8,-0.04302614,0.0,0.0,0.0,0.070698235,41.68573248
2.3,-6.44E-11,0.012281016,73.55258195,29915.39373,2.57E-8,-4.42E-19,32.10679441,-3.19E-25,-4.36E-19,-0.009609596,0.0,0.0,0.0,-4413.154917,995.2126083,8.93693E-4,632.2549191,412.1401492,-6.43E-9,3.53E-8,-0.047053483,0.0,0.0,0.0,0.073906402,43.57871386
2.4,-6.72E-11,0.013373848,76.7471631,29907.87874,2.92E-8,-4.61E-19,32.10681737,-3.33E-25,-4.55E-19,-0.010027407,0.0,0.0,0.0,-4604.829786,995.2448739,8.93937E-4,632.4682716,412.1668735,-6.71E-9,3.86E-8,-0.051262128,0.0,0.0,0.0,0.07711385,45.47145152
2.5,-7.0E-11,0.014513157,79.94131483,29900.04431,3.3E-8,-4.8E-19,32.10684132,-3.47E-25,-4.74E-19,-0.010445218,0.0,0.0,0.0,-4796.47889,995.2785145,8.94191E-4,632.6906636,412.1947375,-6.99E-9,4.2E-8,-0.055652274,0.0,0.0,0.0,0.080320548,47.36393477
2.6,-7.29E-11,0.015698924,83.13501909,29891.89049,3.71E-8,-4.99E-19,32.10686625,-3.61E-25,-4.94E-19,-0.010863029,0.0,0.0,0.0,-4988.101146,995.3135218,8.94455E-4,632.9221877,412.2237346,-7.27E-9,4.57E-8,-0.060224129,0.0,0.0,0.0,0.083526466,49.2561529
2.7,-7.57E-11,0.016931134,86.3282578,29883.41732,4.16E-8,-5.18E-19,32.10689216,-3.75E-25,-5.13E-19,-0.011280841,0.0,0.0,0.0,-5179.695468,995.3498955,8.9473E-4,633.1627969,412.2538646,-7.55E-9,4.95E-8,-0.064977898,0.0,0.0,0.0,0.08673157,51.14809521
2.8,-7.85E-11,0.01820977,89.52101283,29874.62486,4.64E-8,-5.38E-19,32.10691905,-3.89E-25,-5.32E-19,-0.011698653,0.0,0.0,0.0,-5371.26077,995.3876439,8.95015E-4,633.4125552,412.2851344,-7.84E-9,5.36E-8,-0.069913812,0.0,0.0,0.0,0.089935831,53.03975096
2.9,-8.13E-11,0.019534813,92.71326607,29865.51314,5.16E-8,-5.57E-19,32.10694691,-4.02E-25,-5.51E-19,-0.012116466,0.0,0.0,0.0,-5562.795964,995.4267585,8.9531E-4,633.671355,412.3175372,-8.12E-9,5.78E-8,-0.07503209,0.0,0.0,0.0,0.093139216,54.93110941
3.0,-8.42E-11,0.020906245,95.90499935,29856.08222,5.71E-8,-5.76E-19,32.10697576,-4.16E-25,-5.7E-19,-0.012534279,0.0,0.0,0.0,-5754.299961,995.4672474,8.95616E-4,633.9392604,412.3510799,-8.4E-9,6.22E-8,-0.080332982,0.0,0.0,0.0,0.096341695,56.82215981
3.1,-8.7E-11,0.022324047,99.09619451,29846.33216,6.3E-8,-5.95E-19,32.10700559,-4.3E-25,-5.89E-19,-0.012952092,0.0,0.0,0.0,-5945.77167,995.5090938,8.95932E-4,634.2163041,412.3857486,-8.69E-9,6.69E-8,-0.085816727,0.0,0.0,0.0,0.099543236,58.71289138
3.2,-8.99E-11,0.023788198,102.2868333,29836.263,6.93E-8,-6.14E-19,32.1070364,-4.44E-25,-6.08E-19,-0.013369906,0.0,0.0,0.0,-6137.21,995.5523143,8.96258E-4,634.5024107,412.4215572,-8.97E-9,7.18E-8,-0.091483581,0.0,0.0,0.0,0.102743808,60.60329334
3.3,-9.27E-11,0.025298678,105.4768976,29825.87481,7.6E-8,-6.33E-19,32.10706818,-4.58E-25,-6.27E-19,-0.01378772,0.0,0.0,0.0,-6328.613855,995.5969085,8.96595E-4,634.7976339,412.4585056,-9.26E-9,7.69E-8,-0.097333796,0.0,0.0,0.0,0.105943379,62.49335489
3.4,-9.55E-11,0.026855465,108.666369,29815.16764,8.31E-8,-6.52E-19,32.10710095,-4.72E-25,-6.47E-19,-0.014205534,0.0,0.0,0.0,-6519.982142,995.6428597,8.96942E-4,635.1020069,412.49658,-9.54E-9,8.23E-8,-0.103367659,0.0,0.0,0.0,0.109141919,64.38306522
3.5,-9.84E-11,0.028458538,111.8552294,29804.14155,9.07E-8,-6.72E-19,32.10713469,-4.86E-25,-6.66E-19,-0.014623349,0.0,0.0,0.0,-6711.313762,995.6901844,8.973E-4,635.4154545,412.5357944,-9.83E-9,8.79E-8,-0.10958544,0.0,0.0,0.0,0.112339395,66.27241349
3.6,-1.01E-10,0.030107874,115.0434603,29792.79661,9.87E-8,-6.91E-19,32.10716942,-5.0E-25,-6.85E-19,-0.015041165,0.0,0.0,0.0,-6902.607618,995.738874,8.97667E-4,635.7380204,412.5761417,-1.01E-8,9.38E-8,-0.115987415,0.0,0.0,0.0,0.115535777,68.16138886
3.7,-1.04E-10,0.03180345,118.2310435,29781.13288,1.07E-7,-7.1E-19,32.10720512,-5.14E-25,-7.04E-19,-0.015458981,0.0,0.0,0.0,-7093.862609,995.7889201,8.98045E-4,636.0696984,412.6176151,-1.04E-8,9.99E-8,-0.122573897,0.0,0.0,0.0,0.118731034,70.04998045
3.8,-1.07E-10,0.033545241,121.4179605,29769.15043,1.16E-7,-7.29E-19,32.1072418,-5.28E-25,-7.23E-19,-0.015876797,0.0,0.0,0.0,-7285.077632,995.840339,8.98434E-4,636.4105141,412.6602283,-1.07E-8,1.06E-7,-0.129345168,0.0,0.0,0.0,0.121925132,71.93817739
3.9,-1.1E-10,0.035333223,124.6041931,29756.84931,1.26E-7,-7.48E-19,32.10727945,-5.42E-25,-7.42E-19,-0.016294614,0.0,0.0,0.0,-7476.251584,995.8931222,8.98832E-4,636.7604613,412.7039745,-1.1E-8,1.13E-7,-0.136301547,0.0,0.0,0.0,0.125118043,73.82596877
4.0,-1.13E-10,0.037167371,127.7897226,29744.22961,1.35E-7,-7.67E-19,32.10731809,-5.56E-25,-7.61E-19,-0.016712431,0.0,0.0,0.0,-7667.383358,995.9472695,8.99241E-4,637.1194946,412.7488536,-1.13E-8,1.2E-7,-0.143443351,0.0,0.0,0.0,0.128309733,75.71334367
4.1,-1.16E-10,0.039047658,130.9745308,29731.29139,1.46E-7,-7.86E-19,32.1073577,-5.7E-25,-7.81E-19,-0.017130249,0.0,0.0,0.0,-7858.471847,996.0027807,8.99661E-4,637.487669,412.7948657,-1.15E-8,1.28E-7,-0.150770907,0.0,0.0,0.0,0.131500172,77.60029115
4.2,-1.18E-10,0.040974057,134.158599,29718.03473,1.57E-7,-8.05E-19,32.1073983,-5.84E-25,-8.0E-19,-0.017548067,0.0,0.0,0.0,-8049.515941,996.0596555,9.0009E-4,637.8649892,412.8420108,-1.18E-8,1.35E-7,-0.158284533,0.0,0.0,0.0,0.134689328,79.48680026
4.3,-1.21E-10,0.042946543,137.3419088,29704.4597,1.68E-7,-8.25E-19,32.10743986,-5.98E-25,-8.19E-19,-0.017965886,0.0,0.0,0.0,-8240.514529,996.1178938,9.00531E-4,638.2514604,412.8902888,-1.21E-8,1.44E-7,-0.165984582,0.0,0.0,0.0,0.137877169,81.37286001
4.4,-1.24E-10,0.044965085,140.5244416,29690.56638,1.8E-7,-8.44E-19,32.10748241,-6.12E-25,-8.38E-19,-0.018383705,0.0,0.0,0.0,-8431.466495,996.1774953,9.00981E-4,638.6470374,412.9396999,-1.24E-8,1.52E-7,-0.173871403,0.0,0.0,0.0,0.141063665,83.2584594
4.5,-1.27E-10,0.047029656,143.7061787,29676.35484,1.93E-7,-8.63E-19,32.10752593,-6.26E-25,-8.57E-19,-0.018801525,0.0,0.0,0.0,-8622.370724,996.2384514,9.01441E-4,639.0517652,412.990237,-1.27E-8,1.61E-7,-0.181945337,0.0,0.0,0.0,0.144248785,85.14358742
4.6,-1.3E-10,0.049140226,146.8871016,29661.82517,2.06E-7,-8.82E-19,32.10757043,-6.4E-25,-8.76E-19,-0.019219346,0.0,0.0,0.0,-8813.226099,996.3007702,9.01912E-4,639.4656094,413.041907,-1.3E-8,1.7E-7,-0.19020676,0.0,0.0,0.0,0.147432497,87.02823302
4.7,-1.33E-10,0.051296764,150.0671916,29646.97745,2.2E-7,-9.01E-19,32.10761591,-6.54E-25,-8.95E-19,-0.019637167,0.0,0.0,0.0,-9004.031498,996.3644514,9.02394E-4,639.8886258,413.0947101,-1.33E-8,1.8E-7,-0.198656028,0.0,0.0,0.0,0.150614768,88.91238514
4.8,-1.36E-10,0.053499241,153.24643,29631.81176,2.34E-7,-9.2E-19,32.10766236,-6.68E-25,-9.14E-19,-0.020054988,0.0,0.0,0.0,-9194.785798,996.4294948,9.02885E-4,640.32082,413.1486461,-1.36E-8,1.9E-7,-0.207293534,0.0,0.0,0.0,0.153795567,90.7960327
4.9,-1.39E-10,0.055747624,156.4247979,29616.32819,2.49E-7,-9.39E-19,32.10770978,-6.82E-25,-9.34E-19,-0.020472811,0.0,0.0,0.0,-9385.487876,996.4958918,9.03387E-4,640.7620866,413.2037082,-1.38E-8,2.01E-7,-0.216119647,0.0,0.0,0.0,0.156974865,92.67916458
5.0,-1.41E-10,0.058041881,159.6022767,29600.52683,2.65E-7,-9.59E-19,32.10775819,-6.95E-25,-9.53E-19,-0.020890634,0.0,0.0,0.0,-9576.136603,996.5636504,9.03899E-4,641.2125928,413.2599033,-1.41E-8,2.12E-7,-0.225134775,0.0,0.0,0.0,0.160152628,94.56176965
5.1,-1.44E-10,0.06038198,162.7788475,29584.40776,2.81E-7,-9.78E-19,32.10780756,-7.09E-25,-9.72E-19,-0.021308457,0.0,0.0,0.0,-9766.73085,996.6327704,9.04422E-4,641.6721938,413.3172313,-1.44E-8,2.24E-7,-0.234339301,0.0,0.0,0.0,0.163328824,96.44383677
5.2,-1.47E-10,0.062767886,165.9544914,29567.97109,2.98E-7,-9.97E-19,32.10785792,-7.23E-25,-9.91E-19,-0.021726281,0.0,0.0,0.0,-9957.269486,996.7032432,9.04955E-4,642.1409856,413.3756854,-1.47E-8,2.36E-7,-0.243733651,0.0,0.0,0.0,0.166503425,98.32535474
5.3,-1.5E-10,0.065199565,169.1291896,29551.2169,3.15E-7,-1.02E-18,32.10790924,-7.37E-25,-1.01E-18,-0.022144106,0.0,0.0,0.0,-10147.75137,996.7750686,9.05498E-4,642.6189744,413.4352657,-1.5E-8,2.49E-7,-0.253318198,0.0,0.0,0.0,0.169676397,100.2063124
5.4,-1.53E-10,0.067676983,172.302923,29534.14528,3.33E-7,-1.04E-18,32.10796155,-7.51E-25,-1.03E-18,-0.022561932,0.0,0.0,0.0,-10338.17538,996.8482543,9.06051E-4,643.1060766,413.4959789,-1.53E-8,2.63E-7,-0.263093404,0.0,0.0,0.0,0.172847708,102.0866984
5.5,-1.56E-10,0.070200103,175.4756725,29516.75635,3.52E-7,-1.05E-18,32.10801482,-7.65E-25,-1.05E-18,-0.022979758,0.0,0.0,0.0,-10528.54035,996.9227921,9.06631E-4,643.6140551,413.5578181,-1.56E-8,2.77E-7,-0.273063835,0.0,0.0,0.0,0.176017329,103.9665016
5.6,-1.59E-10,0.072768888,178.6474186,29499.05018,3.72E-7,-1.07E-18,32.10806907,-7.79E-25,-1.07E-18,-0.023397585,0.0,0.0,0.0,-10718.84511,996.9986814,9.07232E-4,644.1386467,413.6207835,-1.59E-8,2.92E-7,-0.283230161,0.0,0.0,0.0,0.179185225,105.8457102
5.7,-1.62E-10,0.075383302,181.8181418,29481.0269,3.92E-7,-1.09E-18,32.1081243,-7.93E-25,-1.09E-18,-0.023815412,0.0,0.0,0.0,-10909.08851,997.0759303,9.07843E-4,644.6727798,413.6848819,-1.62E-8,3.08E-7,-0.293589191,0.0,0.0,0.0,0.182351366,107.7243128
5.8,-1.65E-10,0.078043307,184.9878232,29462.68659,4.13E-7,-1.11E-18,32.10818049,-8.07E-25,-1.11E-18,-0.024233241,0.0,0.0,0.0,-11099.26939,997.1545302,9.08466E-4,645.2164507,413.7501064,-1.65E-8,3.24E-7,-0.304141407,0.0,0.0,0.0,0.185515719,109.6022982
5.9,-1.68E-10,0.080748863,188.1564434,29444.02937,4.35E-7,-1.13E-18,32.10823766,-8.21E-25,-1.12E-18,-0.02465107,0.0,0.0,0.0,-11289.3866,997.2344807,9.09099E-4,645.7696666,413.8164569,-1.68E-8,3.41E-7,-0.314887271,0.0,0.0,0.0,0.188678254,111.4796548
6.0,-1.71E-10,0.083499932,191.323983,29425.05534,4.57E-7,-1.15E-18,32.10829581,-8.35E-25,-1.14E-18,-0.0250689,0.0,0.0,0.0,-11479.43898,997.3157816,9.09743E-4,646.3323846,413.8839336,-1.71E-8,3.59E-7,-0.325827329,0.0,0.0,0.0,0.191838939,113.3563713
6.1,-1.74E-10,0.086296473,194.4904229,29405.76461,4.8E-7,-1.17E-18,32.10835492,-8.49E-25,-1.16E-18,-0.02548673,0.0,0.0,0.0,-11669.42537,997.3984326,9.10398E-4,646.9047128,413.9525363,-1.74E-8,3.77E-7,-0.336962031,0.0,0.0,0.0,0.194997742,115.2324361
6.2,-1.77E-10,0.089138445,197.6557435,29386.15729,5.04E-7,-1.19E-18,32.10841501,-8.63E-25,-1.18E-18,-0.025904561,0.0,0.0,0.0,-11859.34461,997.4824332,9.11063E-4,647.4865078,414.0222652,-1.76E-8,3.97E-7,-0.348291886,0.0,0.0,0.0,0.198154631,117.1078379
6.3,-1.8E-10,0.092025808,200.8199254,29366.2335,5.29E-7,-1.21E-18,32.10847607,-8.77E-25,-1.2E-18,-0.026322393,0.0,0.0,0.0,-12049.19552,997.5677831,9.11739E-4,648.0779283,414.0931201,-1.79E-8,4.17E-7,-0.359817464,0.0,0.0,0.0,0.201309575,118.982565
6.4,-1.83E-10,0.094958518,203.9829491,29345.99334,5.55E-7,-1.23E-18,32.10853809,-8.91E-25,-1.22E-18,-0.026740226,0.0,0.0,0.0,-12238.97694,997.654482,9.12426E-4,648.6788815,414.1651012,-1.82E-8,4.39E-7,-0.371539234,0.0,0.0,0.0,0.204462542,120.8566059
6.5,-1.86E-10,0.097936533,207.1447951,29325.43695,5.81E-7,-1.25E-18,32.1086011,-9.05E-25,-1.24E-18,-0.02715806,0.0,0.0,0.0,-12428.6877,997.7425213,9.13123E-4,649.289415,414.2382014,-1.85E-8,4.61E-7,-0.383457724,0.0,0.0,0.0,0.207613501,122.729949
6.6,-1.89E-10,0.100959809,210.3054437,29304.56442,6.08E-7,-1.26E-18,32.10866507,-9.19E-25,-1.26E-18,-0.027575895,0.0,0.0,0.0,-12618.32662,997.8319171,9.13832E-4,649.9095079,414.3124347,-1.88E-8,4.85E-7,-0.395573501,0.0,0.0,0.0,0.210762418,124.6025828
6.7,-1.92E-10,0.104028301,213.4648753,29283.3759,6.36E-7,-1.28E-18,32.10873001,-9.33E-25,-1.28E-18,-0.02799373,0.0,0.0,0.0,-12807.89252,997.9226526,9.14551E-4,650.5391469,414.3877872,-1.91E-8,5.09E-7,-0.407887077,0.0,0.0,0.0,0.213909264,126.4744955
6.8,-1.94E-10,0.107141965,216.6230701,29261.87149,6.65E-7,-1.3E-18,32.10879592,-9.47E-25,-1.3E-18,-0.028411566,0.0,0.0,0.0,-12997.38421,998.0147274,9.1528E-4,651.1783907,414.4642589,-1.94E-8,5.35E-7,-0.420399036,0.0,0.0,0.0,0.217054008,128.3456754
6.9,-1.97E-10,0.110300753,219.7800085,29240.05133,6.95E-7,-1.32E-18,32.1088628,-9.61E-25,-1.32E-18,-0.028829403,0.0,0.0,0.0,-13186.80051,998.1081494,9.16021E-4,651.8272082,414.5418567,-1.97E-8,5.62E-7,-0.433109902,0.0,0.0,0.0,0.220196615,130.216111
7.0,-2.0E-10,0.113504621,222.9356705,29217.91553,7.25E-7,-1.34E-18,32.10893065,-9.75E-25,-1.34E-18,-0.029247241,0.0,0.0,0.0,-13376.14023,998.2029182,9.16772E-4,652.485608,414.6205806,-2.0E-8,5.9E-7,-0.446020237,0.0,0.0,0.0,0.223337054,132.0857903
7.1,-2.04E-10,0.116753519,226.0900363,29195.46424,7.57E-7,-1.36E-18,32.10899947,-9.89E-25,-1.35E-18,-0.02966508,0.0,0.0,0.0,-13565.40218,998.2990251,9.17534E-4,653.1535878,414.7004237,-2.03E-8,6.19E-7,-0.459130611,0.0,0.0,0.0,0.226475295,133.9547017
7.2,-2.07E-10,0.1200474,229.2430859,29172.69757,7.89E-7,-1.38E-18,32.10906925,-1.0E-24,-1.37E-18,-0.03008292,0.0,0.0,0.0,-13754.58515,998.3964698,9.18307E-4,653.831207,414.7813861,-2.06E-8,6.49E-7,-0.472441599,0.0,0.0,0.0,0.229611306,135.8228333
7.3,-2.1E-10,0.123386215,232.3947993,29149.61566,8.22E-7,-1.4E-18,32.10914001,-1.02E-24,-1.39E-18,-0.03050076,0.0,0.0,0.0,-13943.68796,998.4952601,9.1909E-4,654.5183844,414.8634746,-2.09E-8,6.81E-7,-0.485953822,0.0,0.0,0.0,0.232745053,137.6901732
7.4,-2.13E-10,0.126769914,235.5451566,29126.21865,8.57E-7,-1.42E-18,32.10921173,-1.03E-24,-1.41E-18,-0.030918602,0.0,0.0,0.0,-14132.70939,998.5953874,9.19884E-4,655.2151687,414.9466823,-2.12E-8,7.15E-7,-0.499667794,0.0,0.0,0.0,0.235876506,139.5567096
7.5,-2.16E-10,0.130198446,238.6941375,29102.50668,8.92E-7,-1.44E-18,32.10928442,-1.04E-24,-1.43E-18,-0.031336444,0.0,0.0,0.0,-14321.64825,998.6968513,9.20688E-4,655.9216194,415.0310092,-2.15E-8,7.5E-7,-0.513584145,0.0,0.0,0.0,0.239005633,141.4224306
7.6,-2.19E-10,0.133671762,241.8417218,29078.47987,9.28E-7,-1.46E-18,32.10935808,-1.06E-24,-1.45E-18,-0.031754288,0.0,0.0,0.0,-14510.50331,998.7996514,9.21504E-4,656.637645,415.1164554,-2.18E-8,7.86E-7,-0.527703478,0.0,0.0,0.0,0.242132402,143.2873242
7.7,-2.22E-10,0.137189807,244.9878894,29054.13838,9.65E-7,-1.48E-18,32.1094327,-1.07E-24,-1.47E-18,-0.032172132,0.0,0.0,0.0,-14699.27337,998.9037872,9.2233E-4,657.3633053,415.2030208,-2.22E-8,8.24E-7,-0.5420264,0.0,0.0,0.0,0.245256781,145.1513784
7.8,-2.25E-10,0.14075253,248.13262,29029.48234,1.0E-6,-1.49E-18,32.10950829,-1.09E-24,-1.49E-18,-0.032589977,0.0,0.0,0.0,-14887.9572,999.0092584,9.23166E-4,658.0985593,415.2907054,-2.25E-8,8.64E-7,-0.556553481,0.0,0.0,0.0,0.248378739,147.0145812
7.9,-2.28E-10,0.144359877,251.2758931,29004.51191,1.04E-6,-1.51E-18,32.10958484,-1.1E-24,-1.51E-18,-0.033007824,0.0,0.0,0.0,-15076.55359,999.1160562,9.24014E-4,658.8434564,415.3795024,-2.28E-8,9.05E-7,-0.571285381,0.0,0.0,0.0,0.251498245,148.8769206
8.0,-2.31E-10,0.148011794,254.4176884,28979.22722,1.08E-6,-1.53E-18,32.10966236,-1.11E-24,-1.53E-18,-0.033425671,0.0,0.0,0.0,-15265.06131,999.2241967,9.24872E-4,659.5980279,415.4694255,-2.31E-8,9.48E-7,-0.586222726,0.0,0.0,0.0,0.254615263,150.7383843
8.1,-2.34E-10,0.151708226,257.5579854,28953.62842,1.12E-6,-1.55E-18,32.10974084,-1.13E-24,-1.55E-18,-0.033843519,0.0,0.0,0.0,-15453.47912,999.3336631,9.25741E-4,660.3622116,415.560461,-2.34E-8,9.93E-7,-0.6013661,0.0,0.0,0.0,0.257729765,152.5989604
8.2,-2.37E-10,0.155449117,260.6967635,28927.71567,1.16E-6,-1.57E-18,32.10982029,-1.14E-24,-1.57E-18,-0.034261368,0.0,0.0,0.0,-15641.80581,999.4444631,9.2662E-4,661.1360282,415.6526157,-2.37E-8,1.04E-6,-0.616716138,0.0,0.0,0.0,0.260841717,154.4586366
8.3,-2.4E-10,0.159234409,263.8340022,28901.48912,1.21E-6,-1.59E-18,32.1099007,-1.16E-24,-1.58E-18,-0.034679219,0.0,0.0,0.0,-15830.04013,999.556588,9.2751E-4,661.9195275,415.7458827,-2.4E-8,1.09E-6,-0.632273528,0.0,0.0,0.0,0.263951089,156.3174006
8.4,-2.43E-10,0.163064047,266.9696807,28874.94892,1.25E-6,-1.61E-18,32.10998207,-1.17E-24,-1.6E-18,-0.03509707,0.0,0.0,0.0,-16018.18084,999.6700456,9.2841E-4,662.7126802,415.840269,-2.43E-8,1.14E-6,-0.648038867,0.0,0.0,0.0,0.267057847,158.1752404
8.5,-2.46E-10,0.166937971,270.1037782,28848.09523,1.3E-6,-1.63E-18,32.11006441,-1.18E-24,-1.62E-18,-0.035514923,0.0,0.0,0.0,-16206.22669,999.7848273,9.29322E-4,663.5155362,415.9357677,-2.46E-8,1.19E-6,-0.664012857,0.0,0.0,0.0,0.270161961,160.0321435
8.6,-2.49E-10,0.170856122,273.2362741,28820.92822,1.34E-6,-1.65E-18,32.11014771,-1.2E-24,-1.64E-18,-0.035932776,0.0,0.0,0.0,-16394.17645,999.9009325,9.30244E-4,664.3280048,416.0323787,-2.49E-8,1.25E-6,-0.680196055,0.0,0.0,0.0,0.273263399,161.8880977
8.7,-2.52E-10,0.174818441,276.3671475,28793.44803,1.39E-6,-1.67E-18,32.11023197,-1.21E-24,-1.66E-18,-0.036350631,0.0,0.0,0.0,-16582.02885,1000.018369,9.31176E-4,665.1502087,416.1301089,-2.52E-8,1.31E-6,-0.696589169,0.0,0.0,0.0,0.276362126,163.7430905
8.8,-2.56E-10,0.178824867,279.4963773,28765.65484,1.44E-6,-1.69E-18,32.11031719,-1.23E-24,-1.68E-18,-0.036768486,0.0,0.0,0.0,-16769.78264,1000.137128,9.32119E-4,665.9820464,416.2289516,-2.55E-8,1.37E-6,-0.713192921,0.0,0.0,0.0,0.279458113,165.5971096
8.9,-2.59E-10,0.182875339,282.6239426,28737.54881,1.49E-6,-1.71E-18,32.11040337,-1.24E-24,-1.7E-18,-0.037186343,0.0,0.0,0.0,-16957.43656,1000.257201,9.33073E-4,666.8235685,416.3288997,-2.59E-8,1.43E-6,-0.730007875,0.0,0.0,0.0,0.282551329,167.4501426
9.0,-2.62E-10,0.186969794,285.7498224,28709.13011,1.54E-6,-1.72E-18,32.11049051,-1.25E-24,-1.72E-18,-0.037604201,0.0,0.0,0.0,-17144.98934,1000.378604,9.34037E-4,667.6748077,416.429967,-2.62E-8,1.49E-6,-0.747034761,0.0,0.0,0.0,0.285641738,169.3021769
9.1,-2.65E-10,0.19110817,288.8739954,28680.39891,1.59E-6,-1.74E-18,32.11057861,-1.27E-24,-1.74E-18,-0.03802206,0.0,0.0,0.0,-17332.43972,1000.501321,9.35012E-4,668.5357531,416.5321399,-2.65E-8,1.56E-6,-0.76427426,0.0,0.0,0.0,0.288729313,171.1532
9.2,-2.68E-10,0.195290402,291.9964405,28651.35537,1.64E-6,-1.76E-18,32.11066768,-1.28E-24,-1.76E-18,-0.03843992,0.0,0.0,0.0,-17519.78643,1000.625366,9.35998E-4,669.4063873,416.635432,-2.68E-8,1.63E-6,-0.781726999,0.0,0.0,0.0,0.291814015,173.0031994
9.3,-2.71E-10,0.199516427,295.1171365,28621.99968,1.7E-6,-1.78E-18,32.1107577,-1.3E-24,-1.78E-18,-0.038857781,0.0,0.0,0.0,-17707.02819,1000.750722,9.36994E-4,670.2867502,416.7398296,-2.71E-8,1.71E-6,-0.799393727,0.0,0.0,0.0,0.294895819,174.8521624
9.4,-2.74E-10,0.203786178,298.2360619,28592.332,1.75E-6,-1.8E-18,32.11084867,-1.31E-24,-1.8E-18,-0.039275644,0.0,0.0,0.0,-17894.16371,1000.877391,9.38001E-4,671.1768024,416.8453326,-2.74E-8,1.78E-6,-0.817275077,0.0,0.0,0.0,0.297974691,176.7000765
9.5,-2.78E-10,0.208099589,301.3531953,28562.35253,1.81E-6,-1.82E-18,32.11094061,-1.32E-24,-1.81E-18,-0.039693507,0.0,0.0,0.0,-18081.19172,1001.005379,9.39018E-4,672.0766173,416.9519481,-2.77E-8,1.86E-6,-0.835371809,0.0,0.0,0.0,0.301050597,178.5469289
9.6,-2.81E-10,0.212456594,304.4685154,28532.06142,1.87E-6,-1.84E-18,32.1110335,-1.34E-24,-1.83E-18,-0.040111372,0.0,0.0,0.0,-18268.11092,1001.134685,9.40046E-4,672.9861556,417.0596759,-2.81E-8,1.94E-6,-0.853684564,0.0,0.0,0.0,0.304123505,180.3927069
9.7,-2.84E-10,0.216857124,307.5820004,28501.45888,1.92E-6,-1.86E-18,32.11112735,-1.35E-24,-1.85E-18,-0.040529238,0.0,0.0,0.0,-18454.92003,1001.265293,9.41085E-4,673.9054071,417.1685023,-2.84E-8,2.03E-6,-0.872214113,0.0,0.0,0.0,0.307193387,182.2373977
9.8,-2.87E-10,0.221301111,310.6936289,28470.54509,1.98E-6,-1.88E-18,32.11122216,-1.37E-24,-1.87E-18,-0.040947105,0.0,0.0,0.0,-18641.61773,1001.397219,9.42134E-4,674.8344563,417.2784412,-2.87E-8,2.12E-6,-0.890961036,0.0,0.0,0.0,0.310260206,184.0809886
9.9,-2.9E-10,0.225788484,313.8033791,28439.32022,2.05E-6,-1.9E-18,32.11131792,-1.38E-24,-1.89E-18,-0.041364974,0.0,0.0,0.0,-18828.20274,1001.530454,9.43193E-4,675.7732028,417.3894855,-2.9E-8,2.21E-6,-0.909926111,0.0,0.0,0.0,0.313323932,185.9234666
10.0,-2.94E-10,0.230319175,316.9112292,28407.78447,2.11E-6,-1.92E-18,32.11141463,-1.39E-24,-1.91E-18,-0.041782843,0.0,0.0,0.0,-19014.67375,1001.664997,9.44264E-4,676.7217094,417.5016353,-2.93E-8,2.3E-6,-0.929110126,0.0,0.0,0.0,0.316384533,187.7648189
10.1,-2.97E-10,0.23489311,320.0171574,28375.93804,2.17E-6,-1.94E-18,32.1115123,-1.41E-24,-1.93E-18,-0.042200714,0.0,0.0,0.0,-19201.02945,1001.800849,9.45344E-4,677.6799881,417.6148906,-2.97E-8,2.4E-6,-0.948513665,0.0,0.0,0.0,0.319441977,189.6050326
10.2,-3.0E-10,0.239510219,323.1211419,28343.78111,2.24E-6,-1.95E-18,32.11161093,-1.42E-24,-1.95E-18,-0.042618586,0.0,0.0,0.0,-19387.26851,1001.938007,9.46435E-4,678.6480514,417.7292514,-3.0E-8,2.51E-6,-0.968137523,0.0,0.0,0.0,0.322496231,191.4440946
10.3,-3.03E-10,0.244170429,326.2231605,28311.31388,2.3E-6,-1.97E-18,32.1117105,-1.44E-24,-1.97E-18,-0.04303646,0.0,0.0,0.0,-19573.38963,1002.076473,9.47537E-4,679.6258609,417.8447177,-3.03E-8,2.61E-6,-0.987982354,0.0,0.0,0.0,0.325547262,193.2819919
10.4,-3.07E-10,0.248873665,329.3231914,28278.53654,2.37E-6,-1.99E-18,32.11181103,-1.45E-24,-1.99E-18,-0.043454334,0.0,0.0,0.0,-19759.39148,1002.216236,9.48649E-4,680.6134686,417.9612827,-3.06E-8,2.72E-6,-1.008049039,0.0,0.0,0.0,0.328595041,195.1187116
10.5,-3.1E-10,0.253619854,332.4212123,28245.44931,2.44E-6,-2.01E-18,32.11191251,-1.46E-24,-2.01E-18,-0.04387221,0.0,0.0,0.0,-19945.27274,1002.357297,9.49772E-4,681.6108872,418.0789462,-3.1E-8,2.84E-6,-1.02833809,0.0,0.0,0.0,0.331639536,196.9542404
10.6,-3.13E-10,0.258408919,335.5172011,28212.05237,2.51E-6,-2.03E-18,32.11201495,-1.48E-24,-2.02E-18,-0.044290088,0.0,0.0,0.0,-20131.03206,1002.499663,9.50906E-4,682.6180899,418.1977153,-3.13E-8,2.96E-6,-1.048850394,0.0,0.0,0.0,0.334680712,198.7885652
10.7,-3.16E-10,0.263240785,338.6111354,28178.34593,2.58E-6,-2.05E-18,32.11211833,-1.49E-24,-2.04E-18,-0.044707966,0.0,0.0,0.0,-20316.66813,1002.643326,9.52049E-4,683.6350782,418.317583,-3.16E-8,3.08E-6,-1.069586616,0.0,0.0,0.0,0.337718538,200.6216729
10.8,-3.2E-10,0.268115373,341.702993,28144.33021,2.65E-6,-2.07E-18,32.11222266,-1.51E-24,-2.06E-18,-0.045125846,0.0,0.0,0.0,-20502.17958,1002.788292,9.53204E-4,684.6618764,418.4385562,-3.19E-8,3.21E-6,-1.09054758,0.0,0.0,0.0,0.340752979,202.4535501
10.9,-3.23E-10,0.273032607,344.7927515,28110.00541,2.73E-6,-2.09E-18,32.11232795,-1.52E-24,-2.08E-18,-0.045543728,0.0,0.0,0.0,-20687.56509,1002.934554,9.54369E-4,685.6984863,418.5606281,-3.23E-8,3.34E-6,-1.11173387,0.0,0.0,0.0,0.343784007,204.2841836
11.0,-3.26E-10,0.277992407,347.8803882,28075.37173,2.8E-6,-2.11E-18,32.11243418,-1.53E-24,-2.1E-18,-0.04596161,0.0,0.0,0.0,-20872.82329,1003.082103,9.55544E-4,686.7449607,418.6837917,-3.26E-8,3.48E-6,-1.133146401,0.0,0.0,0.0,0.34681159,206.1135602
11.1,-3.29E-10,0.282994694,350.9658808,28040.4294,2.88E-6,-2.13E-18,32.11254136,-1.55E-24,-2.12E-18,-0.046379494,0.0,0.0,0.0,-21057.95285,1003.230945,9.5673E-4,687.8012223,418.8080539,-3.29E-8,3.62E-6,-1.154785756,0.0,0.0,0.0,0.349835695,207.9416663
11.2,-3.33E-10,0.288039387,354.0492064,28005.17863,2.96E-6,-2.15E-18,32.11264948,-1.56E-24,-2.14E-18,-0.046797379,0.0,0.0,0.0,-21242.95239,1003.38109,9.57926E-4,688.8673469,418.9334216,-3.33E-8,3.77E-6,-1.176652861,0.0,0.0,0.0,0.352856285,209.7684886
11.3,-3.36E-10,0.293126404,357.1303425,27969.61963,3.04E-6,-2.17E-18,32.11275856,-1.58E-24,-2.16E-18,-0.047215266,0.0,0.0,0.0,-21427.82055,1003.532511,9.59132E-4,689.943263,419.0598743,-3.36E-8,3.92E-6,-1.198748212,0.0,0.0,0.0,0.355873336,211.5940137
11.4,-3.39E-10,0.298255662,360.2092662,27933.75263,3.12E-6,-2.18E-18,32.11286858,-1.59E-24,-2.18E-18,-0.047633154,0.0,0.0,0.0,-21612.55597,1003.685232,9.6035E-4,691.02912,419.1874324,-3.39E-8,4.08E-6,-1.22107283,0.0,0.0,0.0,0.358886808,213.418228
11.5,-3.43E-10,0.30342708,363.2859547,27897.57785,3.2E-6,-2.2E-18,32.11297955,-1.6E-24,-2.2E-18,-0.048051044,0.0,0.0,0.0,-21797.15728,1003.839229,9.61577E-4,692.124745,419.3160754,-3.43E-8,4.24E-6,-1.243627299,0.0,0.0,0.0,0.361896677,215.241118
11.6,-3.46E-10,0.308640571,366.3603831,27861.09552,3.28E-6,-2.22E-18,32.11309146,-1.62E-24,-2.22E-18,-0.048468935,0.0,0.0,0.0,-21981.62298,1003.994518,9.62856E-4,693.259909,419.4458171,-3.46E-8,4.41E-6,-1.266458869,0.0,0.0,0.0,0.364902902,217.062669
11.7,-3.5E-10,0.313896045,369.4325228,27824.30585,3.37E-6,-2.24E-18,32.11320431,-1.63E-24,-2.24E-18,-0.048886827,0.0,0.0,0.0,-22165.95137,1004.151096,9.64163E-4,694.4171543,419.5766574,-3.49E-8,4.59E-6,-1.289553747,0.0,0.0,0.0,0.367905445,218.882864
11.8,-3.53E-10,0.319193415,372.5023503,27787.20909,3.45E-6,-2.26E-18,32.11331811,-1.65E-24,-2.25E-18,-0.049304721,0.0,0.0,0.0,-22350.14102,1004.308949,9.6548E-4,695.5846439,419.7085826,-3.53E-8,4.77E-6,-1.312883983,0.0,0.0,0.0,0.370904279,220.701689
11.9,-3.56E-10,0.324532595,375.5698419,27749.80546,3.54E-6,-2.28E-18,32.11343285,-1.66E-24,-2.27E-18,-0.049722616,0.0,0.0,0.0,-22534.19052,1004.468083,9.66809E-4,696.7624549,419.8415996,-3.56E-8,4.96E-6,-1.336450303,0.0,0.0,0.0,0.373899369,222.5191302
12.0,-3.6E-10,0.329913496,378.6349742,27712.0952,3.63E-6,-2.3E-18,32.11354854,-1.67E-24,-2.29E-18,-0.050140513,0.0,0.0,0.0,-22718.09845,1004.628497,9.68148E-4,697.9504491,419.9757083,-3.6E-8,5.15E-6,-1.360253729,0.0,0.0,0.0,0.376890681,224.3351735
12.1,-3.63E-10,0.335336028,381.6977234,27674.07855,3.72E-6,-2.32E-18,32.11366516,-1.69E-24,-2.31E-18,-0.050558411,0.0,0.0,0.0,-22901.86341,1004.790183,9.69498E-4,699.1487834,420.1109019,-3.63E-8,5.35E-6,-1.384294894,0.0,0.0,0.0,0.379878185,226.1498049
12.2,-3.67E-10,0.340800103,384.7580659,27635.75574,3.82E-6,-2.34E-18,32.11378273,-1.7E-24,-2.33E-18,-0.050976311,0.0,0.0,0.0,-23085.48395,1004.953157,9.70859E-4,700.3573936,420.2471942,-3.66E-8,5.56E-6,-1.408574726,0.0,0.0,0.0,0.382861842,227.9630104
12.3,-3.7E-10,0.346305628,387.8159778,27597.12702,3.91E-6,-2.36E-18,32.11390123,-1.71E-24,-2.35E-18,-0.051394212,0.0,0.0,0.0,-23268.95867,1005.117393,9.72231E-4,701.5762607,420.3845645,-3.7E-8,5.77E-6,-1.433093955,0.0,0.0,0.0,0.385841629,229.7747758
12.4,-3.73E-10,0.351852512,390.8714352,27558.19262,4.01E-6,-2.38E-18,32.11402068,-1.73E-24,-2.37E-18,-0.051812115,0.0,0.0,0.0,-23452.28611,1005.282907,9.73614E-4,702.8054739,420.5230266,-3.73E-8,5.99E-6,-1.45785341,0.0,0.0,0.0,0.388817507,231.5850871
12.5,-3.77E-10,0.357440662,393.9244141,27518.95281,4.1E-6,-2.39E-18,32.11414106,-1.74E-24,-2.39E-18,-0.052230019,0.0,0.0,0.0,-23635.46485,1005.44969,9.75007E-4,704.0449863,420.6625735,-3.77E-8,6.22E-6,-1.48285403,0.0,0.0,0.0,0.391789445,233.3939299
12.6,-3.8E-10,0.363069984,396.9748905,27479.40783,4.2E-6,-2.41E-18,32.11426238,-1.76E-24,-2.41E-18,-0.052647925,0.0,0.0,0.0,-23818.49343,1005.617742,9.76412E-4,705.2948134,420.8032054,-3.8E-8,6.45E-6,-1.508096434,0.0,0.0,0.0,0.394757411,235.20129
12.7,-3.84E-10,0.368740384,400.0228403,27439.55792,4.3E-6,-2.43E-18,32.11438464,-1.77E-24,-2.43E-18,-0.053065832,0.0,0.0,0.0,-24001.37042,1005.787062,9.77827E-4,706.5549197,420.9449222,-3.84E-8,6.7E-6,-1.533581562,0.0,0.0,0.0,0.397721372,237.0071532
12.8,-3.87E-10,0.374451766,403.0682391,27399.40334,4.4E-6,-2.45E-18,32.11450783,-1.78E-24,-2.44E-18,-0.053483741,0.0,0.0,0.0,-24184.09435,1005.95765,9.79253E-4,707.8254233,421.0877238,-3.87E-8,6.95E-6,-1.559310361,0.0,0.0,0.0,0.400681294,238.811505
12.9,-3.91E-10,0.380204033,406.1110627,27358.94436,4.51E-6,-2.47E-18,32.11463196,-1.8E-24,-2.46E-18,-0.053901651,0.0,0.0,0.0,-24366.66376,1006.129504,9.8069E-4,709.1062379,421.2316104,-3.91E-8,7.21E-6,-1.585283329,0.0,0.0,0.0,0.403637145,240.6143311
13.0,-3.94E-10,0.385997087,409.1512868,27318.18122,4.61E-6,-2.49E-18,32.11475703,-1.81E-24,-2.48E-18,-0.054319563,0.0,0.0,0.0,-24549.07721,1006.302616,9.82137E-4,710.3973678,421.376575,-3.94E-8,7.47E-6,-1.611501525,0.0,0.0,0.0,0.406588895,242.415617
13.1,-3.98E-10,0.391830831,412.1888867,27277.11419,4.72E-6,-2.51E-18,32.11488302,-1.83E-24,-2.5E-18,-0.054737477,0.0,0.0,0.0,-24731.3332,1006.476994,9.83596E-4,711.698892,421.5226245,-3.98E-8,7.75E-6,-1.637965785,0.0,0.0,0.0,0.409536507,244.2153483
13.2,-4.01E-10,0.397705165,415.2238381,27235.74353,4.82E-6,-2.53E-18,32.11500996,-1.84E-24,-2.52E-18,-0.055155392,0.0,0.0,0.0,-24913.43028,1006.65262,9.85065E-4,713.0107523,421.6697452,-4.01E-8,8.03E-6,-1.664676828,0.0,0.0,0.0,0.412479956,246.0135103
13.3,-4.05E-10,0.403619989,418.2561161,27194.06951,4.93E-6,-2.55E-18,32.11513782,-1.85E-24,-2.54E-18,-0.055573309,0.0,0.0,0.0,-25095.36697,1006.82951,9.86545E-4,714.3329882,421.8179507,-4.05E-8,8.32E-6,-1.691635487,0.0,0.0,0.0,0.415419201,247.8100884
13.4,-4.08E-10,0.4095752,421.2856962,27152.0924,5.05E-6,-2.57E-18,32.11526661,-1.87E-24,-2.56E-18,-0.055991228,0.0,0.0,0.0,-25277.14177,1007.007655,9.88036E-4,715.6656045,421.9672343,-4.08E-8,8.63E-6,-1.718842595,0.0,0.0,0.0,0.418354213,249.6050681
13.5,-4.12E-10,0.415570697,424.3125535,27109.81246,5.16E-6,-2.58E-18,32.11539634,-1.88E-24,-2.58E-18,-0.056409148,0.0,0.0,0.0,-25458.75321,1007.187055,9.89537E-4,717.0086178,422.117596,-4.12E-8,8.94E-6,-1.74629886,0.0,0.0,0.0,0.421284959,251.3984347
13.6,-4.16E-10,0.421606377,427.3366631,27067.22998,5.27E-6,-2.6E-18,32.11552699,-1.9E-24,-2.6E-18,-0.056827069,0.0,0.0,0.0,-25640.19979,1007.367701,9.9105E-4,718.3620331,422.2690288,-4.15E-8,9.26E-6,-1.774005364,0.0,0.0,0.0,0.424211408,253.1901733
13.7,-4.19E-10,0.427682135,430.3580001,27024.34522,5.39E-6,-2.62E-18,32.11565858,-1.91E-24,-2.62E-18,-0.057244993,0.0,0.0,0.0,-25821.48001,1007.5496,9.92573E-4,719.7258274,422.4215396,-4.19E-8,9.59E-6,-1.801962688,0.0,0.0,0.0,0.427133525,254.9802692
13.8,-4.23E-10,0.433797866,433.3765394,26981.15847,5.51E-6,-2.64E-18,32.11579109,-1.92E-24,-2.64E-18,-0.057662918,0.0,0.0,0.0,-26002.59237,1007.732743,9.94106E-4,721.100006,422.5751216,-4.23E-8,9.93E-6,-1.83017166,0.0,0.0,0.0,0.43005128,256.7687075
13.9,-4.26E-10,0.439953464,436.3922559,26937.67001,5.63E-6,-2.66E-18,32.11592453,-1.94E-24,-2.65E-18,-0.058080844,0.0,0.0,0.0,-26183.53536,1007.917139,9.95651E-4,722.4846488,422.7297816,-4.26E-8,1.03E-5,-1.858633238,0.0,0.0,0.0,0.432964637,258.5554735
14.0,-4.3E-10,0.446148822,439.4051244,26893.88012,5.75E-6,-2.68E-18,32.1160589,-1.95E-24,-2.67E-18,-0.058498773,0.0,0.0,0.0,-26364.30747,1008.102777,9.97206E-4,723.8797098,422.8855128,-4.3E-8,1.06E-5,-1.887348121,0.0,0.0,0.0,0.435873565,260.3405521
14.1,-4.34E-10,0.452383832,442.4151196,26849.78908,5.87E-6,-2.7E-18,32.11619419,-1.96E-24,-2.69E-18,-0.058916703,0.0,0.0,0.0,-26544.90718,1008.28965,9.98772E-4,725.2851945,423.0423083,-4.33E-8,1.1E-5,-1.916316998,0.0,0.0,0.0,0.438778035,262.1239283
14.2,-4.37E-10,0.458658384,445.4222162,26805.39719,5.99E-6,-2.72E-18,32.11633041,-1.98E-24,-2.71E-18,-0.059334635,0.0,0.0,0.0,-26725.33297,1008.477772,0.001000348,726.7010921,423.2001819,-4.37E-8,1.14E-5,-1.945540964,0.0,0.0,0.0,0.441678007,263.9055872
14.3,-4.41E-10,0.464972368,448.4263886,26760.70473,6.12E-6,-2.74E-18,32.11646755,-1.99E-24,-2.73E-18,-0.059752568,0.0,0.0,0.0,-26905.58332,1008.667127,0.001001936,728.1274993,423.3591197,-4.41E-8,1.18E-5,-1.975020709,0.0,0.0,0.0,0.444573455,265.6855136
14.4,-4.45E-10,0.471325674,451.4276114,26715.71201,6.25E-6,-2.76E-18,32.11660561,-2.01E-24,-2.75E-18,-0.060170504,0.0,0.0,0.0,-27085.65668,1008.857722,0.001003533,729.5643426,423.5191287,-4.44E-8,1.22E-5,-2.004756772,0.0,0.0,0.0,0.447464343,267.4636924
14.5,-4.48E-10,0.477718188,454.4258589,26670.41931,6.38E-6,-2.78E-18,32.1167446,-2.02E-24,-2.77E-18,-0.060588441,0.0,0.0,0.0,-27265.55153,1009.049549,0.001005142,731.0116277,423.680202,-4.48E-8,1.26E-5,-2.034750393,0.0,0.0,0.0,0.45035064,269.2401085
14.6,-4.52E-10,0.4841498,457.4211055,26624.82694,6.51E-6,-2.79E-18,32.1168845,-2.03E-24,-2.79E-18,-0.061006379,0.0,0.0,0.0,-27445.26633,1009.242607,0.001006761,732.4694237,423.8423396,-4.52E-8,1.3E-5,-2.065001962,0.0,0.0,0.0,0.453232314,271.0147466
14.7,-4.56E-10,0.490620393,460.4133253,26578.93519,6.64E-6,-2.81E-18,32.11702533,-2.05E-24,-2.81E-18,-0.06142432,0.0,0.0,0.0,-27624.79952,1009.436894,0.001008391,733.9376452,424.0055415,-4.55E-8,1.35E-5,-2.09551258,0.0,0.0,0.0,0.456109331,272.7875914
14.8,-4.59E-10,0.497129853,463.4024926,26532.74438,6.78E-6,-2.83E-18,32.11716708,-2.06E-24,-2.83E-18,-0.061842262,0.0,0.0,0.0,-27804.14956,1009.632411,0.001010031,735.4164134,424.1698077,-4.59E-8,1.39E-5,-2.126282916,0.0,0.0,0.0,0.458981659,274.5586277
14.9,-4.63E-10,0.503678064,466.3885814,26486.2548,6.92E-6,-2.85E-18,32.11730974,-2.08E-24,-2.84E-18,-0.062260206,0.0,0.0,0.0,-27983.31488,1009.829156,0.001011682,736.9056429,424.3351382,-4.63E-8,1.44E-5,-2.157313625,0.0,0.0,0.0,0.461849265,276.3278401
15.0,-4.67E-10,0.510264909,469.3715657,26439.46676,7.05E-6,-2.87E-18,32.11745333,-2.09E-24,-2.86E-18,-0.062678152,0.0,0.0,0.0,-28162.29394,1010.027129,0.001013344,738.4054035,424.5015331,-4.67E-8,1.49E-5,-2.188605663,0.0,0.0,0.0,0.464712115,278.0952132
15.1,-4.7E-10,0.51689027,472.3514195,26392.38059,7.19E-6,-2.89E-18,32.11759782,-2.1E-24,-2.88E-18,-0.0630961,0.0,0.0,0.0,-28341.08517,1010.226321,0.001015016,739.9157015,424.6689853,-4.7E-8,1.54E-5,-2.220159835,0.0,0.0,0.0,0.46757018,279.8607315
15.2,-4.74E-10,0.523554028,475.3281165,26344.99659,7.34E-6,-2.91E-18,32.11774324,-2.12E-24,-2.9E-18,-0.063514049,0.0,0.0,0.0,-28519.68699,1010.426731,0.001016699,741.4365033,424.837495,-4.74E-8,1.59E-5,-2.251976628,0.0,0.0,0.0,0.470423426,281.6243795
15.3,-4.78E-10,0.530256062,478.3016305,26297.31507,7.48E-6,-2.93E-18,32.11788957,-2.13E-24,-2.92E-18,-0.063932,0.0,0.0,0.0,-28698.09783,1010.628359,0.001018392,742.9678274,425.0070621,-4.78E-8,1.64E-5,-2.284057308,0.0,0.0,0.0,0.473271822,283.3861417
15.4,-4.82E-10,0.536996252,481.2719352,26249.33637,7.63E-6,-2.95E-18,32.11803681,-2.15E-24,-2.94E-18,-0.064349954,0.0,0.0,0.0,-28876.31611,1010.831203,0.001020096,744.5096922,425.1776866,-4.82E-8,1.7E-5,-2.316402195,0.0,0.0,0.0,0.476115333,285.1460025
15.5,-4.86E-10,0.543774467,484.2389962,26201.06079,7.77E-6,-2.97E-18,32.11818497,-2.16E-24,-2.96E-18,-0.064767909,0.0,0.0,0.0,-29054.33977,1011.035329,0.001021886,746.116778,425.3494235,-4.85E-8,1.75E-5,-2.349165762,0.0,0.0,0.0,0.478953888,286.9039415
15.6,-4.89E-10,0.550590571,487.2027766,26152.48868,7.92E-6,-2.98E-18,32.11833404,-2.17E-24,-2.98E-18,-0.065185866,0.0,0.0,0.0,-29232.1666,1011.240662,0.00102369,747.737941,425.522211,-4.89E-8,1.81E-5,-2.382228375,0.0,0.0,0.0,0.481787477,288.6599368
15.7,-4.93E-10,0.557444438,490.1632493,26103.62035,8.08E-6,-3.0E-18,32.11848401,-2.19E-24,-3.0E-18,-0.065603824,0.0,0.0,0.0,-29409.79496,1011.44721,0.001025506,749.3700592,425.6960559,-4.93E-8,1.87E-5,-2.415563042,0.0,0.0,0.0,0.484616065,290.4139724
15.8,-4.97E-10,0.564335944,493.1203872,26054.45614,8.23E-6,-3.02E-18,32.1186349,-2.2E-24,-3.02E-18,-0.066021785,0.0,0.0,0.0,-29587.22323,1011.654963,0.001027332,751.0131918,425.8709514,-4.97E-8,1.93E-5,-2.449170603,0.0,0.0,0.0,0.487439619,292.1660322
15.9,-5.01E-10,0.571264959,496.0741629,26004.99638,8.38E-6,-3.04E-18,32.1187867,-2.21E-24,-3.03E-18,-0.066439747,0.0,0.0,0.0,-29764.44978,1011.863921,0.00102917,752.667307,426.0468974,-5.01E-8,1.99E-5,-2.483051893,0.0,0.0,0.0,0.490258108,293.9161
16.0,-5.05E-10,0.578231356,499.0245492,25955.24142,8.54E-6,-3.06E-18,32.11893941,-2.23E-24,-3.05E-18,-0.066857712,0.0,0.0,0.0,-29941.47295,1012.074083,0.001031018,754.3323729,426.223894,-5.05E-8,2.05E-5,-2.517207744,0.0,0.0,0.0,0.493071498,295.6641597
16.1,-5.09E-10,0.585235006,501.9715187,25905.19159,8.7E-6,-3.08E-18,32.11909302,-2.24E-24,-3.07E-18,-0.067275678,0.0,0.0,0.0,-30118.29112,1012.285449,0.001032877,756.0085129,426.4019412,-5.09E-8,2.12E-5,-2.551638986,0.0,0.0,0.0,0.495879755,297.410195
16.2,-5.13E-10,0.592275777,504.9150439,25854.84723,8.86E-6,-3.1E-18,32.11924753,-2.26E-24,-3.09E-18,-0.067693646,0.0,0.0,0.0,-30294.90263,1012.498009,0.001034748,757.6955796,426.5810321,-5.13E-8,2.18E-5,-2.586346263,0.0,0.0,0.0,0.498682849,299.1541897
16.3,-5.17E-10,0.599353537,507.8550971,25804.2087,9.02E-6,-3.12E-18,32.11940296,-2.27E-24,-3.11E-18,-0.068111616,0.0,0.0,0.0,-30471.30583,1012.711771,0.001036629,759.3937089,426.7611736,-5.16E-8,2.25E-5,-2.621330392,0.0,0.0,0.0,0.501480743,300.8961273
16.4,-5.21E-10,0.606468156,510.7916508,25753.27633,9.19E-6,-3.14E-18,32.11955928,-2.28E-24,-3.13E-18,-0.068529589,0.0,0.0,0.0,-30647.49905,1012.926726,0.001038521,761.1028572,426.9423587,-5.2E-8,2.32E-5,-2.656592361,0.0,0.0,0.0,0.504273407,302.6359916
16.5,-5.25E-10,0.613619498,513.7246772,25702.05048,9.36E-6,-3.16E-18,32.11971651,-2.3E-24,-3.15E-18,-0.068947563,0.0,0.0,0.0,-30823.48063,1013.142881,0.001040424,762.8230569,427.1245944,-5.24E-8,2.39E-5,-2.692132617,0.0,0.0,0.0,0.507060804,304.373766
16.6,-5.28E-10,0.620807428,516.6541485,25650.53151,9.52E-6,-3.18E-18,32.11987464,-2.31E-24,-3.17E-18,-0.069365539,0.0,0.0,0.0,-30999.24891,1013.36022,0.001042338,764.5543041,427.307867,-5.28E-8,2.47E-5,-2.727952323,0.0,0.0,0.0,0.509842908,306.1094342
16.7,-5.32E-10,0.628031811,519.5800369,25598.71977,9.7E-6,-3.19E-18,32.12003367,-2.33E-24,-3.19E-18,-0.069783517,0.0,0.0,0.0,-31174.80221,1013.578741,0.001044263,766.2965673,427.4921764,-5.32E-8,2.54E-5,-2.764051907,0.0,0.0,0.0,0.512619687,307.8429795
16.8,-5.36E-10,0.63529251,522.5023143,25546.61563,9.87E-6,-3.21E-18,32.1201936,-2.34E-24,-3.21E-18,-0.070201497,0.0,0.0,0.0,-31350.13886,1013.798452,0.001046199,768.0498794,427.6775294,-5.36E-8,2.62E-5,-2.800432153,0.0,0.0,0.0,0.515391101,309.5743855
16.9,-5.4E-10,0.642589387,525.4209529,25494.21943,1.0E-5,-3.23E-18,32.12035443,-2.35E-24,-3.23E-18,-0.070619478,0.0,0.0,0.0,-31525.25717,1014.019352,0.001048146,769.8143131,427.8639262,-5.4E-8,2.7E-5,-2.837093839,0.0,0.0,0.0,0.518157119,311.3036356
17.0,-5.44E-10,0.649922303,528.3359243,25441.53156,1.02E-5,-3.25E-18,32.12051615,-2.37E-24,-3.24E-18,-0.071037462,0.0,0.0,0.0,-31700.15546,1014.241433,0.001050103,771.5898251,428.0513599,-5.44E-8,2.79E-5,-2.874037934,0.0,0.0,0.0,0.52091771,313.030713
17.1,-5.48E-10,0.657291117,531.2472006,25388.55237,1.04E-5,-3.27E-18,32.12067877,-2.38E-24,-3.26E-18,-0.071455448,0.0,0.0,0.0,-31874.83204,1014.464685,0.001052071,773.3763716,428.2398235,-5.48E-8,2.87E-5,-2.91126482,0.0,0.0,0.0,0.523672845,314.7556011
17.2,-5.53E-10,0.664695688,534.1547534,25335.28224,1.06E-5,-3.29E-18,32.12084229,-2.4E-24,-3.28E-18,-0.071873436,0.0,0.0,0.0,-32049.2852,1014.689115,0.00105405,775.1740381,428.4293239,-5.52E-8,2.96E-5,-2.948775451,0.0,0.0,0.0,0.526422486,316.4782831
17.3,-5.57E-10,0.672135874,537.0585544,25281.72155,1.08E-5,-3.31E-18,32.1210067,-2.41E-24,-3.3E-18,-0.072291426,0.0,0.0,0.0,-32223.51327,1014.914724,0.00105604,776.9828459,428.6198611,-5.56E-8,3.04E-5,-2.986570385,0.0,0.0,0.0,0.529166601,318.1987423
17.4,-5.61E-10,0.679611532,539.9585753,25227.87066,1.09E-5,-3.33E-18,32.121172,-2.42E-24,-3.32E-18,-0.072709418,0.0,0.0,0.0,-32397.51452,1015.141501,0.001058041,778.8026993,428.8114284,-5.6E-8,3.14E-5,-3.024650364,0.0,0.0,0.0,0.53190516,319.9169619
17.5,-5.65E-10,0.687122516,542.8547875,25173.72996,1.11E-5,-3.35E-18,32.12133819,-2.44E-24,-3.34E-18,-0.073127412,0.0,0.0,0.0,-32571.28725,1015.369455,0.001060052,780.6337363,429.0040324,-5.65E-8,3.23E-5,-3.063016332,0.0,0.0,0.0,0.534638126,321.632925
17.6,-5.69E-10,0.694668682,545.7471625,25119.29983,1.13E-5,-3.37E-18,32.12150528,-2.45E-24,-3.36E-18,-0.073545409,0.0,0.0,0.0,-32744.82975,1015.598568,0.001062074,782.4758491,429.1976596,-5.69E-8,3.32E-5,-3.101668614,0.0,0.0,0.0,0.537365473,323.3466146
17.7,-5.73E-10,0.702249882,548.6356718,25064.58066,1.15E-5,-3.38E-18,32.12167325,-2.46E-24,-3.38E-18,-0.073963407,0.0,0.0,0.0,-32918.14031,1015.828848,0.001064107,784.3291237,429.3923167,-5.73E-8,3.42E-5,-3.140608137,0.0,0.0,0.0,0.540087164,325.0580139
17.8,-5.77E-10,0.709865969,551.5202866,25009.57283,1.17E-5,-3.4E-18,32.12184211,-2.48E-24,-3.4E-18,-0.074381407,0.0,0.0,0.0,-33091.21719,1016.060286,0.001066151,786.1935691,429.587997,-5.77E-8,3.52E-5,-3.179835409,0.0,0.0,0.0,0.542803169,326.7671058
17.9,-5.81E-10,0.717516794,554.4009782,24954.27673,1.19E-5,-3.42E-18,32.12201186,-2.49E-24,-3.42E-18,-0.07479941,0.0,0.0,0.0,-33264.05869,1016.292888,0.001068205,788.069115,429.7847072,-5.81E-8,3.62E-5,-3.219351349,0.0,0.0,0.0,0.545513453,328.4738734
18.0,-5.85E-10,0.725202208,557.2777179,24898.69276,1.21E-5,-3.44E-18,32.12218249,-2.51E-24,-3.43E-18,-0.075217414,0.0,0.0,0.0,-33436.66307,1016.526647,0.00107027,789.955875,429.9824405,-5.85E-8,3.73E-5,-3.25915623,0.0,0.0,0.0,0.548217985,330.1782995
18.1,-5.89E-10,0.732922058,560.1504767,24842.82132,1.23E-5,-3.46E-18,32.12235401,-2.52E-24,-3.45E-18,-0.075635421,0.0,0.0,0.0,-33609.0286,1016.761561,0.001072346,791.8537664,430.1811969,-5.89E-8,3.84E-5,-3.299250955,0.0,0.0,0.0,0.550916732,331.8803671
18.2,-5.94E-10,0.740676193,563.0192258,24786.6628,1.25E-5,-3.48E-18,32.12252641,-2.53E-24,-3.47E-18,-0.076053429,0.0,0.0,0.0,-33781.15355,1016.99763,0.001074432,793.7628632,430.3809764,-5.93E-8,3.95E-5,-3.339636207,0.0,0.0,0.0,0.553609661,333.580059
18.3,-5.98E-10,0.74846446,565.8839361,24730.21761,1.27E-5,-3.5E-18,32.12269969,-2.55E-24,-3.49E-18,-0.07647144,0.0,0.0,0.0,-33953.03616,1017.234844,0.001076529,795.6831749,430.5817722,-5.98E-8,4.06E-5,-3.38031244,0.0,0.0,0.0,0.556296744,335.2773581
18.4,-6.02E-10,0.756286705,568.7445785,24673.48615,1.29E-5,-3.52E-18,32.12287386,-2.56E-24,-3.51E-18,-0.076889453,0.0,0.0,0.0,-34124.67471,1017.473211,0.001078637,797.6146313,430.783591,-6.02E-8,4.18E-5,-3.421280542,0.0,0.0,0.0,0.558977942,336.972247
18.5,-6.06E-10,0.764142771,571.6011241,24616.46883,1.31E-5,-3.54E-18,32.1230489,-2.58E-24,-3.53E-18,-0.077307468,0.0,0.0,0.0,-34296.06744,1017.712714,0.001080755,799.5572815,430.9864192,-6.06E-8,4.3E-5,-3.462540719,0.0,0.0,0.0,0.561653232,338.6647087
18.6,-6.11E-10,0.772032489,574.4535331,24559.16607,1.33E-5,-3.56E-18,32.12322482,-2.59E-24,-3.55E-18,-0.077725485,0.0,0.0,0.0,-34467.21199,1017.953425,0.001082963,801.5699328,431.1903186,-6.1E-8,4.42E-5,-3.504318883,0.0,0.0,0.0,0.56432253,340.3547196
18.7,-6.15E-10,0.779955672,577.3017556,24501.57827,1.35E-5,-3.58E-18,32.12340162,-2.6E-24,-3.57E-18,-0.078143505,0.0,0.0,0.0,-34638.10534,1018.195295,0.001085199,803.6068735,431.395248,-6.15E-8,4.54E-5,-3.546483647,0.0,0.0,0.0,0.566985809,342.0422501
18.8,-6.19E-10,0.78791216,580.1457613,24443.70586,1.38E-5,-3.6E-18,32.1235793,-2.62E-24,-3.59E-18,-0.078561526,0.0,0.0,0.0,-34808.74568,1018.43829,0.001087447,805.6554459,431.6011798,-6.19E-8,4.67E-5,-3.588949647,0.0,0.0,0.0,0.569643053,343.7272822
18.9,-6.23E-10,0.795901791,582.98552,24385.54926,1.4E-5,-3.61E-18,32.12375785,-2.63E-24,-3.61E-18,-0.07897955,0.0,0.0,0.0,-34979.1312,1018.682434,0.001089705,807.7156592,431.8081348,-6.23E-8,4.8E-5,-3.631717789,0.0,0.0,0.0,0.572294214,345.4097981
19.0,-6.28E-10,0.803924402,585.8210015,24327.10889,1.42E-5,-3.63E-18,32.12393727,-2.65E-24,-3.63E-18,-0.079397576,0.0,0.0,0.0,-35149.26009,1018.927702,0.001091974,809.7876037,432.0160922,-6.28E-8,4.93E-5,-3.674788743,0.0,0.0,0.0,0.574939274,347.0897799
19.1,-6.32E-10,0.811979829,588.6521756,24268.3852,1.44E-5,-3.65E-18,32.12411756,-2.66E-24,-3.65E-18,-0.079815604,0.0,0.0,0.0,-35319.13054,1019.1741,0.001094255,811.871158,432.2250591,-6.32E-8,5.07E-5,-3.718162924,0.0,0.0,0.0,0.577578194,348.7672097
19.2,-6.36E-10,0.820067906,591.4790121,24209.3786,1.46E-5,-3.67E-18,32.12429873,-2.67E-24,-3.66E-18,-0.080233635,0.0,0.0,0.0,-35488.74073,1019.421621,0.001096546,813.9664381,432.4350284,-6.36E-8,5.21E-5,-3.761840977,0.0,0.0,0.0,0.580210944,350.4420696
19.3,-6.41E-10,0.828188468,594.3014807,24150.08954,1.49E-5,-3.69E-18,32.12448076,-2.69E-24,-3.68E-18,-0.080651667,0.0,0.0,0.0,-35658.08884,1019.670271,0.001098849,816.0734281,432.6460071,-6.41E-8,5.35E-5,-3.805823534,0.0,0.0,0.0,0.582837486,352.1143415
19.4,-6.45E-10,0.836341348,597.1195508,24090.51846,1.51E-5,-3.71E-18,32.12466367,-2.7E-24,-3.7E-18,-0.081069702,0.0,0.0,0.0,-35827.17305,1019.92005,0.001101162,818.1920992,432.8579951,-6.45E-8,5.5E-5,-3.850111217,0.0,0.0,0.0,0.585457788,353.7840075
19.5,-6.5E-10,0.844526376,599.9331921,24030.66578,1.53E-5,-3.73E-18,32.12484744,-2.72E-24,-3.72E-18,-0.081487739,0.0,0.0,0.0,-35995.99153,1020.17094,0.001103486,820.3224494,433.0709789,-6.49E-8,5.65E-5,-3.894704389,0.0,0.0,0.0,0.588071825,355.4510496
19.6,-6.54E-10,0.852743384,602.7423741,23970.53197,1.55E-5,-3.75E-18,32.12503207,-2.73E-24,-3.74E-18,-0.081905778,0.0,0.0,0.0,-36164.54244,1020.422949,0.001105821,822.4645683,433.2849651,-6.54E-8,5.8E-5,-3.939603899,0.0,0.0,0.0,0.590679559,357.1154496
19.7,-6.59E-10,0.8609922,605.5470662,23910.11746,1.58E-5,-3.77E-18,32.12521757,-2.74E-24,-3.76E-18,-0.08232382,0.0,0.0,0.0,-36332.82397,1020.676068,0.001108167,824.6184141,433.4999469,-6.58E-8,5.96E-5,-3.984809829,0.0,0.0,0.0,0.593280961,358.7771895
19.8,-6.63E-10,0.869272652,608.3472377,23849.42271,1.6E-5,-3.79E-18,32.12540393,-2.76E-24,-3.78E-18,-0.082741864,0.0,0.0,0.0,-36500.83426,1020.930296,0.001110524,826.7839584,433.7159244,-6.63E-8,6.12E-5,-4.030323005,0.0,0.0,0.0,0.595875998,360.4362511
19.9,-6.67E-10,0.877584568,611.1428582,23788.44816,1.63E-5,-3.81E-18,32.12559115,-2.77E-24,-3.8E-18,-0.08315991,0.0,0.0,0.0,-36668.57149,1021.18564,0.001112892,828.9612384,433.9329044,-6.67E-8,6.29E-5,-4.076143732,0.0,0.0,0.0,0.598464632,362.0926163
20.0,-6.72E-10,0.885927774,613.9338967,23727.19429,1.65E-5,-3.83E-18,32.12577924,-2.79E-24,-3.82E-18,-0.083577958,0.0,0.0,0.0,-36836.0338,1021.442083,0.00111527,831.1503048,434.1508731,-6.72E-8,6.45E-5,-4.122272555,0.0,0.0,0.0,0.601046839,363.7462668
20.1,-6.76E-10,0.894302093,616.7203227,23665.66154,1.67E-5,-3.85E-18,32.12596818,-2.8E-24,-3.84E-18,-0.083996009,0.0,0.0,0.0,-37003.21936,1021.699634,0.00111766,833.3510897,434.3698375,-6.76E-8,6.62E-5,-4.16871001,0.0,0.0,0.0,0.603622582,365.3971845
20.2,-6.81E-10,0.902707351,619.5021052,23603.85038,1.7E-5,-3.86E-18,32.12615798,-2.81E-24,-3.86E-18,-0.084414062,0.0,0.0,0.0,-37170.12631,1021.958281,0.00112006,835.5637098,434.5897906,-6.81E-8,6.8E-5,-4.215456621,0.0,0.0,0.0,0.606191832,367.0453511
20.3,-6.85E-10,0.911143369,622.2792134,23541.76127,1.72E-5,-3.88E-18,32.12634863,-2.83E-24,-3.88E-18,-0.084832117,0.0,0.0,0.0,-37336.7528,1022.218026,0.001122471,837.7880311,434.8107326,-6.85E-8,6.98E-5,-4.262512901,0.0,0.0,0.0,0.608754556,368.6907482
20.4,-6.9E-10,0.919609968,625.0516165,23479.39469,1.75E-5,-3.9E-18,32.12654014,-2.84E-24,-3.9E-18,-0.085250174,0.0,0.0,0.0,-37503.09699,1022.478867,0.001124893,840.024184,435.0326633,-6.9E-8,7.16E-5,-4.309878809,0.0,0.0,0.0,0.611310721,370.3333577
20.5,-6.95E-10,0.92810697,627.8192834,23416.75111,1.77E-5,-3.92E-18,32.1267325,-2.86E-24,-3.91E-18,-0.085668234,0.0,0.0,0.0,-37669.15701,1022.740798,0.001127326,842.2720805,435.2555793,-6.94E-8,7.35E-5,-4.357555093,0.0,0.0,0.0,0.613860296,371.9731612
20.6,-6.99E-10,0.936634193,630.5821833,23353.831,1.8E-5,-3.94E-18,32.12692571,-2.87E-24,-3.93E-18,-0.086086296,0.0,0.0,0.0,-37834.931,1023.00382,0.001129769,844.5317983,435.4794807,-6.99E-8,7.54E-5,-4.405542224,0.0,0.0,0.0,0.616403249,373.6101403
20.7,-7.04E-10,0.945191455,633.3402851,23290.63483,1.83E-5,-3.96E-18,32.12711977,-2.88E-24,-3.95E-18,-0.086504361,0.0,0.0,0.0,-38000.41711,1023.267924,0.001132223,846.8033489,435.7043605,-7.04E-8,7.74E-5,-4.45384066,0.0,0.0,0.0,0.618939552,375.2442767
20.8,-7.08E-10,0.953778572,636.0935578,23227.1631,1.85E-5,-3.98E-18,32.12731468,-2.9E-24,-3.97E-18,-0.086922428,0.0,0.0,0.0,-38165.61347,1023.533116,0.001134688,849.0866644,435.9302257,-7.08E-8,7.94E-5,-4.502450287,0.0,0.0,0.0,0.621469167,376.8755519
20.9,-7.13E-10,0.962395362,638.8419703,23163.41628,1.88E-5,-4.0E-18,32.12751044,-2.91E-24,-3.99E-18,-0.087340497,0.0,0.0,0.0,-38330.51822,1023.799384,0.001137163,851.3818026,436.1570659,-7.13E-8,8.14E-5,-4.551371806,0.0,0.0,0.0,0.623992069,378.5039476
21.0,-7.18E-10,0.971041638,641.5854914,23099.39487,1.9E-5,-4.02E-18,32.12770704,-2.93E-24,-4.01E-18,-0.087758569,0.0,0.0,0.0,-38495.12948,1024.06673,0.001139649,853.6887952,436.3848846,-7.17E-8,8.35E-5,-4.600605632,0.0,0.0,0.0,0.626508222,380.1294453
21.1,-7.22E-10,0.979717214,644.32409,23035.09935,1.93E-5,-4.04E-18,32.12790449,-2.94E-24,-4.03E-18,-0.088176643,0.0,0.0,0.0,-38659.4454,1024.335151,0.001142146,856.0076074,436.6136783,-7.22E-8,8.56E-5,-4.650151878,0.0,0.0,0.0,0.629017597,381.7520266
21.2,-7.27E-10,0.988421903,647.0577349,22970.53022,1.96E-5,-4.06E-18,32.12810278,-2.95E-24,-4.05E-18,-0.088594719,0.0,0.0,0.0,-38823.4641,1024.604644,0.001144653,858.3382643,436.843447,-7.27E-8,8.78E-5,-4.700010926,0.0,0.0,0.0,0.631520161,383.3716729
21.3,-7.32E-10,0.997155485,649.7863753,22905.68797,1.98E-5,-4.08E-18,32.12830191,-2.97E-24,-4.07E-18,-0.089012798,0.0,0.0,0.0,-38987.18252,1024.875206,0.001147275,860.758644,437.0741874,-7.31E-8,9.0E-5,-4.75056637,0.0,0.0,0.0,0.634015865,384.9883541
21.4,-7.36E-10,1.005917729,652.5099527,22840.57311,2.01E-5,-4.09E-18,32.12850188,-2.98E-24,-4.09E-18,-0.089430879,0.0,0.0,0.0,-39150.59716,1025.146832,0.001149916,863.1973156,437.3058959,-7.36E-8,9.23E-5,-4.801522759,0.0,0.0,0.0,0.636504653,386.6020357
21.5,-7.41E-10,1.01470844,655.228435,22775.18615,2.04E-5,-4.11E-18,32.12870269,-3.0E-24,-4.11E-18,-0.089848962,0.0,0.0,0.0,-39313.7061,1025.419524,0.001152568,865.6483097,437.538576,-7.41E-8,9.46E-5,-4.85280222,0.0,0.0,0.0,0.638986489,388.2126986
21.6,-7.46E-10,1.023527425,657.9417902,22709.5276,2.07E-5,-4.13E-18,32.12890434,-3.01E-24,-4.12E-18,-0.090267048,0.0,0.0,0.0,-39476.50741,1025.693273,0.001155231,868.1116395,437.7722209,-7.46E-8,9.7E-5,-4.904404232,0.0,0.0,0.0,0.641461345,389.8203237
21.7,-7.51E-10,1.032374486,660.6499858,22643.59797,2.1E-5,-4.15E-18,32.12910682,-3.02E-24,-4.14E-18,-0.090685136,0.0,0.0,0.0,-39638.99915,1025.968076,0.001157904,870.5872179,438.0068271,-7.51E-8,9.94E-5,-4.956330047,0.0,0.0,0.0,0.64392919,391.4248919
21.8,-7.56E-10,1.041249428,663.3529896,22577.39777,2.12E-5,-4.17E-18,32.12931013,-3.04E-24,-4.16E-18,-0.091103227,0.0,0.0,0.0,-39801.17938,1026.243938,0.001160589,873.0751917,438.2424014,-7.55E-8,1.01913E-4,-5.0085791,0.0,0.0,0.0,0.646389988,393.0263842
21.9,-7.6E-10,1.050152052,666.0507695,22510.92754,2.15E-5,-4.19E-18,32.12951427,-3.05E-24,-4.18E-18,-0.09152132,0.0,0.0,0.0,-39963.04617,1026.520848,0.001163285,875.5754604,438.4789336,-7.6E-8,1.04442E-4,-5.061151704,0.0,0.0,0.0,0.648843712,394.6247814
22.0,-7.65E-10,1.059082158,668.7432929,22444.1878,2.18E-5,-4.21E-18,32.12971925,-3.07E-24,-4.2E-18,-0.091939416,0.0,0.0,0.0,-40124.59758,1026.798807,0.001165992,878.0880577,438.7164272,-7.65E-8,1.07024E-4,-5.114048468,0.0,0.0,0.0,0.651290328,396.2200643
22.1,-7.7E-10,1.068039547,671.4305278,22377.17906,2.21E-5,-4.23E-18,32.12992505,-3.08E-24,-4.22E-18,-0.092357514,0.0,0.0,0.0,-40285.83167,1027.077809,0.001168709,880.6130496,438.9548751,-7.7E-8,1.09659E-4,-5.167269372,0.0,0.0,0.0,0.653729807,397.8122138
22.2,-7.75E-10,1.077024017,674.1124416,22309.90187,2.24E-5,-4.25E-18,32.13013168,-3.09E-24,-4.24E-18,-0.092775615,0.0,0.0,0.0,-40446.7465,1027.357854,0.001171438,883.1503633,439.1942809,-7.75E-8,1.12349E-4,-5.220814683,0.0,0.0,0.0,0.656162114,399.4012108
22.3,-7.8E-10,1.086035364,676.7890021,22242.35675,2.27E-5,-4.27E-18,32.13033914,-3.11E-24,-4.26E-18,-0.093193718,0.0,0.0,0.0,-40607.34013,1027.638936,0.001174177,885.7000651,439.4346378,-7.8E-8,1.15094E-4,-5.274684336,0.0,0.0,0.0,0.658587224,400.987036
22.4,-7.85E-10,1.095073386,679.4601768,22174.54425,2.3E-5,-4.28E-18,32.13054742,-3.12E-24,-4.28E-18,-0.093611823,0.0,0.0,0.0,-40767.61061,1027.921052,0.001176927,888.262075,439.6759456,-7.85E-8,1.17896E-4,-5.328878883,0.0,0.0,0.0,0.661005101,402.5696703
22.5,-7.9E-10,1.104137878,682.1259334,22106.4649,2.33E-5,-4.3E-18,32.13075652,-3.13E-24,-4.29E-18,-0.094029931,0.0,0.0,0.0,-40927.55601,1028.204202,0.001179689,890.8365269,439.9182044,-7.9E-8,1.20754E-4,-5.383397899,0.0,0.0,0.0,0.663415716,404.1490946
22.6,-7.95E-10,1.113228633,684.7862395,22038.11925,2.36E-5,-4.32E-18,32.13096645,-3.15E-24,-4.31E-18,-0.094448041,0.0,0.0,0.0,-41087.17437,1028.488381,0.00118246,893.4232803,440.1614108,-7.94E-8,1.23671E-4,-5.4382419,0.0,0.0,0.0,0.665819038,405.7252895
22.7,-8.0E-10,1.122345444,687.4410627,21969.50783,2.39E-5,-4.34E-18,32.13117719,-3.16E-24,-4.33E-18,-0.094866154,0.0,0.0,0.0,-41246.46376,1028.773589,0.001185243,896.0224693,440.4055648,-7.99E-8,1.26647E-4,-5.493410412,0.0,0.0,0.0,0.668215034,407.2982359
22.8,-8.05E-10,1.131488103,690.0903705,21900.63122,2.42E-5,-4.36E-18,32.13138875,-3.18E-24,-4.35E-18,-0.09528427,0.0,0.0,0.0,-41405.42223,1029.059816,0.001188036,898.6340534,440.6506595,-8.04E-8,1.29682E-4,-5.548904248,0.0,0.0,0.0,0.670603679,408.8679147
22.9,-8.1E-10,1.140656401,692.7341306,21831.48995,2.45E-5,-4.38E-18,32.13160112,-3.19E-24,-4.37E-18,-0.095702388,0.0,0.0,0.0,-41564.04784,1029.347065,0.00119084,901.2580133,440.8966983,-8.09E-8,1.32779E-4,-5.604723225,0.0,0.0,0.0,0.672984937,410.4343065
23.0,-8.15E-10,1.149850128,695.3723105,21762.08458,2.48E-5,-4.4E-18,32.13181431,-3.2E-24,-4.39E-18,-0.096120508,0.0,0.0,0.0,-41722.33863,1029.635329,0.001193655,903.8944693,441.1436744,-8.14E-8,1.35938E-4,-5.660866461,0.0,0.0,0.0,0.675358782,411.9973922
23.1,-8.2E-10,1.159069072,698.0048778,21692.41567,2.52E-5,-4.42E-18,32.13202831,-3.22E-24,-4.41E-18,-0.096538631,0.0,0.0,0.0,-41880.29267,1029.924608,0.001196481,906.5431875,441.3915912,-8.19E-8,1.39159E-4,-5.717335734,0.0,0.0,0.0,0.67772518,413.5571526
23.2,-8.25E-10,1.16831302,700.6318002,21622.48379,2.55E-5,-4.44E-18,32.13224312,-3.23E-24,-4.43E-18,-0.096956756,0.0,0.0,0.0,-42037.90801,1030.214896,0.001199317,909.2043956,441.6404418,-8.24E-8,1.42445E-4,-5.774129107,0.0,0.0,0.0,0.680084104,415.1135685
23.3,-8.3E-10,1.177581758,703.2530451,21552.2895,2.58E-5,-4.45E-18,32.13245874,-3.24E-24,-4.45E-18,-0.097374884,0.0,0.0,0.0,-42195.1827,1030.506191,0.001202164,911.8780136,441.8902263,-8.29E-8,1.45795E-4,-5.831247999,0.0,0.0,0.0,0.682435522,416.6666206
23.4,-8.35E-10,1.186875073,705.8685801,21481.83337,2.61E-5,-4.47E-18,32.13267516,-3.26E-24,-4.47E-18,-0.097793015,0.0,0.0,0.0,-42352.11481,1030.798493,0.001205021,914.5641764,442.1409446,-8.35E-8,1.49212E-4,-5.888691084,0.0,0.0,0.0,0.684779405,418.2162899
23.5,-8.4E-10,1.196192749,708.478373,21411.11598,2.64E-5,-4.49E-18,32.1328924,-3.27E-24,-4.48E-18,-0.098211148,0.0,0.0,0.0,-42508.70238,1031.091791,0.001207889,917.2625747,442.3925899,-8.4E-8,1.52695E-4,-5.946459768,0.0,0.0,0.0,0.687115724,419.7625569
23.6,-8.45E-10,1.205534567,711.0823912,21340.13789,2.68E-5,-4.51E-18,32.13311043,-3.29E-24,-4.5E-18,-0.098629284,0.0,0.0,0.0,-42664.94347,1031.38609,0.001210768,919.9735655,442.6451656,-8.45E-8,1.56247E-4,-6.004552669,0.0,0.0,0.0,0.689444447,421.3054027
23.7,-8.5E-10,1.214900278,713.6805826,21268.8997,2.71E-5,-4.53E-18,32.13332927,-3.3E-24,-4.52E-18,-0.099047422,0.0,0.0,0.0,-42820.83496,1031.681453,0.001213759,922.7743035,442.8987266,-8.5E-8,1.59879E-4,-6.063413375,0.0,0.0,0.0,0.691765481,422.8447962
23.8,-8.55E-10,1.224289586,716.2728713,21197.40197,2.74E-5,-4.55E-18,32.1335489,-3.31E-24,-4.54E-18,-0.099465563,0.0,0.0,0.0,-42976.37228,1031.977827,0.001216787,925.6080613,443.1532283,-8.55E-8,1.63588E-4,-6.122803301,0.0,0.0,0.0,0.694078786,424.3806926
23.9,-8.61E-10,1.233702267,718.8592229,21125.64532,2.78E-5,-4.57E-18,32.13376934,-3.33E-24,-4.56E-18,-0.099883706,0.0,0.0,0.0,-43131.55337,1032.275186,0.001219826,928.4548026,443.4086501,-8.6E-8,1.67368E-4,-6.182528423,0.0,0.0,0.0,0.696384347,425.9130713
24.0,-8.66E-10,1.243138095,721.4396038,21053.63033,2.81E-5,-4.59E-18,32.13399057,-3.34E-24,-4.58E-18,-0.100301852,0.0,0.0,0.0,-43286.37623,1032.573535,0.001222876,931.3143476,443.6649955,-8.66E-8,1.71222E-4,-6.24258798,0.0,0.0,0.0,0.698682128,427.4419125
24.1,-8.71E-10,1.252596845,724.0139809,20981.3576,2.84E-5,-4.61E-18,32.13421259,-3.36E-24,-4.6E-18,-0.10072,0.0,0.0,0.0,-43440.83885,1032.87286,0.001225937,934.1869194,443.9222541,-8.71E-8,1.7515E-4,-6.302981902,0.0,0.0,0.0,0.700972107,428.9671966
24.2,-8.76E-10,1.262078289,726.5823206,20908.82774,2.88E-5,-4.63E-18,32.13443541,-3.37E-24,-4.62E-18,-0.101138151,0.0,0.0,0.0,-43594.93924,1033.173164,0.001229009,937.0723381,444.1804294,-8.76E-8,1.79153E-4,-6.3637101,0.0,0.0,0.0,0.703254248,430.4889038
24.3,-8.82E-10,1.271582201,729.1445898,20836.04134,2.91E-5,-4.65E-18,32.13465902,-3.39E-24,-4.64E-18,-0.101556305,0.0,0.0,0.0,-43748.67539,1033.474443,0.001232092,939.9708415,444.4395179,-8.81E-8,1.83233E-4,-6.424771727,0.0,0.0,0.0,0.705528524,432.0070143
24.4,-8.87E-10,1.28110835,731.7007551,20762.99902,2.95E-5,-4.67E-18,32.13488342,-3.4E-24,-4.66E-18,-0.101974461,0.0,0.0,0.0,-43902.0453,1033.776695,0.001235185,942.8822425,444.6995197,-8.87E-8,1.87391E-4,-6.486168126,0.0,0.0,0.0,0.707794904,433.5215083
24.5,-8.92E-10,1.290656508,734.2507832,20689.70139,2.98E-5,-4.69E-18,32.13510861,-3.41E-24,-4.68E-18,-0.10239262,0.0,0.0,0.0,-44055.04699,1034.079913,0.00123829,945.8065555,444.9604278,-8.92E-8,1.91627E-4,-6.547896918,0.0,0.0,0.0,0.710053361,435.0323662
24.6,-8.98E-10,1.300226442,736.7946408,20616.14907,3.02E-5,-4.71E-18,32.13533458,-3.43E-24,-4.7E-18,-0.102810782,0.0,0.0,0.0,-44207.67845,1034.384094,0.001241405,948.7438094,445.2222423,-8.97E-8,1.95944E-4,-6.609959414,0.0,0.0,0.0,0.712303865,436.5395683
24.7,-9.03E-10,1.309817921,739.3322949,20542.34267,3.06E-5,-4.73E-18,32.13556133,-3.44E-24,-4.72E-18,-0.103228946,0.0,0.0,0.0,-44359.93769,1034.689239,0.001244531,951.6940334,445.4849632,-9.03E-8,2.00342E-4,-6.672353905,0.0,0.0,0.0,0.714546385,438.043095
24.8,-9.08E-10,1.319430711,741.8637121,20468.28282,3.09E-5,-4.75E-18,32.13578887,-3.46E-24,-4.74E-18,-0.103647113,0.0,0.0,0.0,-44511.82273,1034.995337,0.001247667,954.6572418,445.7485835,-9.08E-8,2.04823E-4,-6.735081684,0.0,0.0,0.0,0.716780896,439.5429264
24.9,-9.14E-10,1.329064578,744.3888594,20393.97014,3.13E-5,-4.77E-18,32.13601718,-3.47E-24,-4.76E-18,-0.104065282,0.0,0.0,0.0,-44663.33156,1035.302394,0.001250815,957.6333627,446.0131068,-9.14E-8,2.09387E-4,-6.798140983,0.0,0.0,0.0,0.719007365,441.0390431
25.0,-9.19E-10,1.338719288,746.9077037,20319.40526,3.16E-5,-4.78E-18,32.13624627,-3.49E-24,-4.78E-18,-0.104483454,0.0,0.0,0.0,-44814.46222,1035.610399,0.001253973,960.622519,446.2785262,-9.19E-8,2.14036E-4,-6.861531523,0.0,0.0,0.0,0.721225766,442.5314253
25.1,-9.25E-10,1.348394604,749.4202119,20244.58881,3.2E-5,-4.8E-18,32.13647614,-3.5E-24,-4.79E-18,-0.104901629,0.0,0.0,0.0,-44965.21271,1035.919351,0.001257141,963.6247399,446.5448417,-9.24E-8,2.18772E-4,-6.925253785,0.0,0.0,0.0,0.723436071,444.0200536
25.2,-9.3E-10,1.358090288,751.926351,20169.52143,3.24E-5,-4.82E-18,32.13670679,-3.51E-24,-4.81E-18,-0.105319806,0.0,0.0,0.0,-45115.58106,1036.229247,0.001260321,966.6398302,446.8120498,-9.3E-8,2.23595E-4,-6.989305895,0.0,0.0,0.0,0.72563825,445.5049084
25.3,-9.35E-10,1.367806103,754.426088,20094.20376,3.27E-5,-4.84E-18,32.1369382,-3.53E-24,-4.83E-18,-0.105737986,0.0,0.0,0.0,-45265.56528,1036.540081,0.001263511,969.6679201,447.0801471,-9.35E-8,2.28507E-4,-7.053689079,0.0,0.0,0.0,0.727832278,446.9859701
25.4,-9.41E-10,1.377541809,756.9193901,20018.63643,3.31E-5,-4.86E-18,32.13717039,-3.54E-24,-4.85E-18,-0.106156169,0.0,0.0,0.0,-45415.16341,1036.851856,0.001266711,972.7089375,447.349137,-9.41E-8,2.3351E-4,-7.118401398,0.0,0.0,0.0,0.730018121,448.4632193
25.5,-9.46E-10,1.387297166,759.4062245,19942.8201,3.35E-5,-4.88E-18,32.13740334,-3.56E-24,-4.87E-18,-0.106574354,0.0,0.0,0.0,-45564.37347,1037.16456,0.001269922,975.7629982,447.6190093,-9.46E-8,2.38603E-4,-7.183442457,0.0,0.0,0.0,0.732195759,449.9366364
25.6,-9.52E-10,1.397071933,761.8865581,19866.7554,3.39E-5,-4.9E-18,32.13763706,-3.57E-24,-4.89E-18,-0.106992542,0.0,0.0,0.0,-45713.19349,1037.478195,0.001273144,978.8301389,447.8897674,-9.52E-8,2.4379E-4,-7.248812644,0.0,0.0,0.0,0.734365159,451.4062021
25.7,-9.57E-10,1.406865869,764.3603585,19790.443,3.43E-5,-4.92E-18,32.13787154,-3.59E-24,-4.91E-18,-0.107410732,0.0,0.0,0.0,-45861.62151,1037.792757,0.001276376,981.9101637,448.1614078,-9.57E-8,2.4907E-4,-7.314510725,0.0,0.0,0.0,0.736526294,452.8718969
25.8,-9.63E-10,1.416678729,766.8275928,19713.88355,3.47E-5,-4.94E-18,32.13810679,-3.6E-24,-4.93E-18,-0.107828926,0.0,0.0,0.0,-46009.65557,1038.108241,0.001279618,985.0032032,448.4339271,-9.63E-8,2.54446E-4,-7.38053624,0.0,0.0,0.0,0.738679139,454.3337014
25.9,-9.69E-10,1.426510241,769.2882129,19637.07771,3.5E-5,-4.96E-18,32.13834279,-3.61E-24,-4.95E-18,-0.108247122,0.0,0.0,0.0,-46157.29277,1038.424646,0.001282959,988.1767244,448.7073253,-9.68E-8,2.59933E-4,-7.44731461,0.0,0.0,0.0,0.740823649,455.7915873
26.0,-9.74E-10,1.436360047,771.7421254,19560.02613,3.54E-5,-4.98E-18,32.13857956,-3.63E-24,-4.97E-18,-0.10866532,0.0,0.0,0.0,-46304.52752,1038.741964,0.001286363,991.4042231,448.9815955,-9.74E-8,2.65534E-4,-7.514815868,0.0,0.0,0.0,0.742959743,457.245499
26.1,-9.8E-10,1.446227886,774.1892912,19482.72951,3.58E-5,-5.0E-18,32.13881707,-3.64E-24,-4.99E-18,-0.109083522,0.0,0.0,0.0,-46451.35747,1039.060193,0.001289778,994.6452704,449.2567378,-9.8E-8,2.71234E-4,-7.582653521,0.0,0.0,0.0,0.745087385,458.6954135
26.2,-9.86E-10,1.456113506,776.6296768,19405.1885,3.62E-5,-5.02E-18,32.13905535,-3.66E-24,-5.01E-18,-0.109501726,0.0,0.0,0.0,-46597.78061,1039.379333,0.001293204,997.8997877,449.5327522,-9.85E-8,2.77037E-4,-7.650827011,0.0,0.0,0.0,0.747206547,460.1413109
26.3,-9.91E-10,1.466016657,779.0632487,19327.4038,3.66E-5,-5.04E-18,32.13929437,-3.67E-24,-5.03E-18,-0.109919933,0.0,0.0,0.0,-46743.79492,1039.699375,0.00129664,1001.16779,449.8096317,-9.91E-8,2.82944E-4,-7.719336603,0.0,0.0,0.0,0.749317204,461.5831712
26.4,-9.97E-10,1.475937083,781.4899734,19249.37608,3.7E-5,-5.06E-18,32.13953415,-3.69E-24,-5.05E-18,-0.110338142,0.0,0.0,0.0,-46889.39841,1040.020318,0.001300087,1004.4492,450.0873763,-9.97E-8,2.88955E-4,-7.788180012,0.0,0.0,0.0,0.751419327,463.0209749
26.5,-1.0E-9,1.485874532,783.9098178,19171.10604,3.74E-5,-5.08E-18,32.13977467,-3.7E-24,-5.07E-18,-0.110756355,0.0,0.0,0.0,-47034.58907,1040.342161,0.001303545,1007.744266,450.3659862,-1.0E-7,2.95073E-4,-7.857357451,0.0,0.0,0.0,0.753512888,464.454702
26.6,-1.01E-9,1.495828749,786.3227484,19092.59435,3.78E-5,-5.1E-18,32.14001594,-3.72E-24,-5.09E-18,-0.11117457,0.0,0.0,0.0,-47179.36491,1040.664895,0.001307014,1011.052674,450.6454543,-1.01E-7,3.01299E-4,-7.926866554,0.0,0.0,0.0,0.755597863,465.884333
26.7,-1.01E-9,1.505799478,788.7287323,19013.84172,3.82E-5,-5.12E-18,32.14025795,-3.73E-24,-5.11E-18,-0.111592787,0.0,0.0,0.0,-47323.72394,1040.988521,0.001310493,1014.374676,450.9257808,-1.01E-7,3.07634E-4,-7.996709212,0.0,0.0,0.0,0.757674224,467.3098481
26.8,-1.02E-9,1.515786461,791.1277362,18934.84884,3.87E-5,-5.14E-18,32.14050071,-3.74E-24,-5.13E-18,-0.112011008,0.0,0.0,0.0,-47467.66417,1041.313028,0.001313982,1017.710067,451.2069587,-1.02E-7,3.14081E-4,-8.066882136,0.0,0.0,0.0,0.759741948,468.7312278
26.9,-1.03E-9,1.525789442,793.5197272,18855.61641,3.91E-5,-5.16E-18,32.1407442,-3.76E-24,-5.15E-18,-0.112429231,0.0,0.0,0.0,-47611.18363,1041.638424,0.001317483,1021.059112,451.4889949,-1.03E-7,3.2064E-4,-8.137385452,0.0,0.0,0.0,0.761801001,470.1484525
27.0,-1.03E-9,1.535808161,795.9046725,18776.14513,3.95E-5,-5.18E-18,32.14098843,-3.77E-24,-5.17E-18,-0.112847457,0.0,0.0,0.0,-47754.28035,1041.964697,0.001320994,1024.421599,451.7718791,-1.03E-7,3.27313E-4,-8.208217525,0.0,0.0,0.0,0.763851364,471.5615027
27.1,-1.04E-9,1.545842361,798.2825392,18696.43571,3.99E-5,-5.2E-18,32.1412334,-3.79E-24,-5.19E-18,-0.113265685,0.0,0.0,0.0,-47896.95235,1042.291845,0.001324515,1027.79756,452.0556113,-1.04E-7,3.34101E-4,-8.279378443,0.0,0.0,0.0,0.765893008,472.9703591
27.2,-1.04E-9,1.555891779,800.6532947,18616.48886,4.03E-5,-5.22E-18,32.1414791,-3.8E-24,-5.21E-18,-0.113683917,0.0,0.0,0.0,-48039.19768,1042.619863,0.001328047,1031.187016,452.3401881,-1.04E-7,3.41007E-4,-8.350866514,0.0,0.0,0.0,0.767925909,474.3750022
27.3,-1.05E-9,1.565956156,803.0169064,18536.30529,4.08E-5,-5.24E-18,32.14172553,-3.82E-24,-5.23E-18,-0.114102151,0.0,0.0,0.0,-48181.01438,1042.948748,0.00133159,1034.589992,452.6256061,-1.05E-7,3.48031E-4,-8.422679998,0.0,0.0,0.0,0.769950043,475.7754128
27.4,-1.06E-9,1.57603523,805.3733417,18455.88572,4.12E-5,-5.26E-18,32.14197269,-3.83E-24,-5.25E-18,-0.114520388,0.0,0.0,0.0,-48322.4005,1043.278498,0.001335143,1038.006406,452.9118652,-1.06E-7,3.55176E-4,-8.494818918,0.0,0.0,0.0,0.771965382,477.1715716
27.5,-1.06E-9,1.586128737,807.7225684,18375.23086,4.16E-5,-5.28E-18,32.14222057,-3.85E-24,-5.27E-18,-0.114938628,0.0,0.0,0.0,-48463.3541,1043.609108,0.001338706,1041.436394,453.1989619,-1.06E-7,3.62443E-4,-8.567282384,0.0,0.0,0.0,0.773971902,478.5634594
27.6,-1.07E-9,1.596236415,810.0645541,18294.34145,4.21E-5,-5.3E-18,32.14246918,-3.86E-24,-5.29E-18,-0.11535687,0.0,0.0,0.0,-48603.87325,1043.940577,0.001342279,1044.879874,453.4868964,-1.07E-7,3.69833E-4,-8.640068572,0.0,0.0,0.0,0.775969576,479.9510571
27.7,-1.07E-9,1.606357999,812.3992668,18213.2182,4.25E-5,-5.32E-18,32.14271851,-3.88E-24,-5.31E-18,-0.115775115,0.0,0.0,0.0,-48743.95601,1044.272894,0.001345863,1048.336854,453.7756583,-1.07E-7,3.77348E-4,-8.713175614,0.0,0.0,0.0,0.777958386,481.3343456
27.8,-1.08E-9,1.616493224,814.7266743,18131.86184,4.29E-5,-5.34E-18,32.14296856,-3.89E-24,-5.33E-18,-0.116193363,0.0,0.0,0.0,-48883.60046,1044.606064,0.001349458,1051.807381,454.0652545,-1.08E-7,3.84991E-4,-8.786604365,0.0,0.0,0.0,0.7799383,482.7133061
27.9,-1.08E-9,1.626641825,817.0467449,18050.27311,4.34E-5,-5.36E-18,32.14321933,-3.9E-24,-5.35E-18,-0.116611614,0.0,0.0,0.0,-49022.80469,1044.940076,0.001353062,1055.29135,454.3556747,-1.08E-7,3.92762E-4,-8.860351058,0.0,0.0,0.0,0.781909301,484.0879195
28.0,-1.09E-9,1.636803446,819.3594025,17968.45274,4.38E-5,-5.38E-18,32.14347081,-3.92E-24,-5.37E-18,-0.117029867,0.0,0.0,0.0,-49161.56415,1045.275027,0.001356822,1058.902656,454.6470046,-1.09E-7,4.00701E-4,-8.935272464,0.0,0.0,0.0,0.783871246,485.458141
28.1,-1.1E-9,1.646977699,821.6645558,17886.40148,4.43E-5,-5.4E-18,32.14372301,-3.93E-24,-5.39E-18,-0.117448124,0.0,0.0,0.0,-49299.87335,1045.610821,0.001360604,1062.536582,454.939162,-1.1E-7,4.08782E-4,-9.010696366,0.0,0.0,0.0,0.785824123,486.8239163
28.2,-1.1E-9,1.657164312,823.9621723,17804.12008,4.47E-5,-5.42E-18,32.14397592,-3.95E-24,-5.41E-18,-0.117866383,0.0,0.0,0.0,-49437.73034,1045.94745,0.001364397,1066.184305,455.2321399,-1.1E-7,4.16998E-4,-9.086447154,0.0,0.0,0.0,0.787767912,488.1852262
28.3,-1.11E-9,1.66736301,826.2522193,17721.6093,4.52E-5,-5.44E-18,32.14422953,-3.96E-24,-5.43E-18,-0.118284645,0.0,0.0,0.0,-49575.13316,1046.284905,0.0013682,1069.846173,455.5259315,-1.11E-7,4.2535E-4,-9.162524628,0.0,0.0,0.0,0.789702592,489.5420514
28.4,-1.12E-9,1.677573519,828.5346645,17638.86989,4.56E-5,-5.46E-18,32.14448385,-3.98E-24,-5.45E-18,-0.118702909,0.0,0.0,0.0,-49712.07987,1046.62319,0.001372013,1073.522005,455.8205402,-1.12E-7,4.33842E-4,-9.238927629,0.0,0.0,0.0,0.791628134,490.8943727
28.5,-1.12E-9,1.687795562,830.8094753,17555.90262,4.61E-5,-5.48E-18,32.14473888,-3.99E-24,-5.47E-18,-0.119121177,0.0,0.0,0.0,-49848.56852,1046.962295,0.001375837,1077.211815,456.1159591,-1.12E-7,4.42474E-4,-9.315653053,0.0,0.0,0.0,0.793544518,492.2421708
28.6,-1.13E-9,1.698028864,833.0766197,17472.70825,4.66E-5,-5.5E-18,32.14499461,-4.01E-24,-5.49E-18,-0.119539447,0.0,0.0,0.0,-49984.59718,1047.30222,0.001379672,1080.915636,456.4121883,-1.13E-7,4.51249E-4,-9.39270159,0.0,0.0,0.0,0.795451718,493.5854266
28.7,-1.13E-9,1.708273148,835.3360656,17389.28755,4.7E-5,-5.52E-18,32.14525103,-4.02E-24,-5.51E-18,-0.11995772,0.0,0.0,0.0,-50120.16393,1047.642956,0.001383517,1084.633373,456.7092208,-1.13E-7,4.60168E-4,-9.470070064,0.0,0.0,0.0,0.797349715,494.9241213
28.8,-1.14E-9,1.718528135,837.587781,17305.6413,4.75E-5,-5.54E-18,32.14550816,-4.03E-24,-5.53E-18,-0.120375996,0.0,0.0,0.0,-50255.26686,1047.984503,0.001387372,1088.365169,457.0070567,-1.14E-7,4.69233E-4,-9.547757185,0.0,0.0,0.0,0.799238483,496.2582359
28.9,-1.15E-9,1.728793548,839.8317343,17221.77026,4.8E-5,-5.56E-18,32.14576597,-4.05E-24,-5.55E-18,-0.120794275,0.0,0.0,0.0,-50389.90406,1048.326859,0.001391238,1092.110944,457.305696,-1.15E-7,4.78445E-4,-9.625762618,0.0,0.0,0.0,0.801117997,497.5877516
29.0,-1.15E-9,1.739069108,842.0678939,17137.67521,4.85E-5,-5.58E-18,32.14602448,-4.06E-24,-5.57E-18,-0.121212556,0.0,0.0,0.0,-50524.07363,1048.670016,0.001395114,1095.870713,457.6051318,-1.15E-7,4.87808E-4,-9.704084051,0.0,0.0,0.0,0.802988239,498.9126496
29.1,-1.16E-9,1.749354535,844.2962283,17053.35694,4.89E-5,-5.6E-18,32.14628368,-4.08E-24,-5.59E-18,-0.121630841,0.0,0.0,0.0,-50657.7737,1049.013969,0.001399,1099.644389,457.9053607,-1.16E-7,4.97322E-4,-9.782719128,0.0,0.0,0.0,0.804849188,500.2329114
29.2,-1.17E-9,1.75964955,846.5167063,16968.81623,4.94E-5,-5.62E-18,32.14654357,-4.09E-24,-5.61E-18,-0.122049128,0.0,0.0,0.0,-50791.00238,1049.358717,0.001402897,1103.432116,458.2063827,-1.17E-7,5.06989E-4,-9.86166744,0.0,0.0,0.0,0.806700818,501.5485185
29.3,-1.17E-9,1.76995387,848.7292968,16884.05386,4.99E-5,-5.64E-18,32.14680414,-4.11E-24,-5.63E-18,-0.122467418,0.0,0.0,0.0,-50923.75781,1049.704256,0.001406804,1107.233804,458.5081943,-1.17E-7,5.16812E-4,-9.94092657,0.0,0.0,0.0,0.808543108,502.8594524
29.4,-1.18E-9,1.780267216,850.9339688,16799.07063,5.04E-5,-5.66E-18,32.1470654,-4.12E-24,-5.65E-18,-0.122885711,0.0,0.0,0.0,-51056.03813,1050.050582,0.001410721,1111.049479,458.8107921,-1.18E-7,5.26792E-4,-10.02049405,0.0,0.0,0.0,0.810376039,504.1656948
29.5,-1.18E-9,1.790589304,853.1306917,16713.86734,5.09E-5,-5.68E-18,32.14732733,-4.14E-24,-5.66E-18,-0.123304006,0.0,0.0,0.0,-51187.8415,1050.397688,0.001414648,1114.879162,459.1141727,-1.18E-7,5.36932E-4,-10.10037042,0.0,0.0,0.0,0.812199589,505.4672274
29.6,-1.19E-9,1.800919854,855.3194348,16628.44476,5.14E-5,-5.7E-18,32.14758994,-4.15E-24,-5.68E-18,-0.123722305,0.0,0.0,0.0,-51319.16609,1050.745571,0.001418585,1118.722766,459.4183326,-1.19E-7,5.47232E-4,-10.18055113,0.0,0.0,0.0,0.814013739,506.7640323
29.7,-1.2E-9,1.81125858,857.5001677,16542.80372,5.19E-5,-5.72E-18,32.14785323,-4.16E-24,-5.7E-18,-0.124140606,0.0,0.0,0.0,-51450.01006,1051.09423,0.001422532,1122.580211,459.7232719,-1.2E-7,5.57696E-4,-10.26103667,0.0,0.0,0.0,0.815818465,508.0560912
29.8,-1.2E-9,1.821605201,859.6728602,16456.945,5.24E-5,-5.74E-18,32.14811719,-4.18E-24,-5.72E-18,-0.12455891,0.0,0.0,0.0,-51580.37161,1051.44366,0.00142649,1126.451742,460.028987,-1.2E-7,5.68325E-4,-10.34182445,0.0,0.0,0.0,0.817613747,509.3433864
29.9,-1.21E-9,1.831959414,861.8374738,16370.86942,5.29E-5,-5.76E-18,32.14838182,-4.19E-24,-5.74E-18,-0.124977217,0.0,0.0,0.0,-51710.24843,1051.793856,0.001430522,1130.388322,460.3354747,-1.21E-7,5.7914E-4,-10.42326179,0.0,0.0,0.0,0.819399558,510.625895
30.0,-1.22E-9,1.842320739,863.9938872,16284.57778,5.34E-5,-5.78E-18,32.14864712,-4.21E-24,-5.77E-18,-0.125395527,0.0,0.0,0.0,-51839.63323,1052.144814,0.001434667,1134.42021,460.6427314,-1.22E-7,5.90174E-4,-10.50587322,0.0,0.0,0.0,0.821175793,511.9035453
