time,eiPosition_ft_X,eiPosition_ft_Y,eiPosition_ft_Z,eiVelocity_ft_s_X,eiVelocity_ft_s_Y,eiVelocity_ft_s_Z,feVelocity_ft_s_X,feVelocity_ft_s_Y,feVelocity_ft_s_Z,altitudeMsl_ft,longitude_deg,latitude_deg,localGravity_ft_s2,eulerAngle_deg_Yaw,eulerAngle_deg_Pitch,eulerAngle_deg_Roll,bodyAngularRateWrtEi_deg_s_Roll,bodyAngularRateWrtEi_deg_s_Pitch,bodyAngularRateWrtEi_deg_s_Yaw,speedOfSound_ft_s,airDensity_slug_ft3,ambientPressure_lbf_ft2,ambientTemperature_dgR,aero_bodyForce_lbf_X,aero_bodyForce_lbf_Y,aero_bodyForce_lbf_Z,aero_bodyMoment_ftlbf_L,aero_bodyMoment_ftlbf_M,aero_bodyMoment_ftlbf_N,mach,dynamicPressure_lbf_ft2
0.0,2.09556463255E7,0.0,0.0,0.0,1528.10982905,0.0,0.0,0.0,-0.0,30000.0,0.0,0.0,32.1065359519,0.0,0.0,0.0,0.0,0.0,0.0,994.849493459,8.90685451211E-4,629.673709538,411.838873082,-0.0,0.0428469914497,-0.0,0.0,0.0,0.0,0.0703624020118,2.18217935547
0.1,2.09556461649E7,152.811196778,0.0,-3.21055566109,1528.11410326,0.0,0.0,0.00430924682471,3.19941246155,29999.8400277,5.87953029416E-10,0.0,32.10653644285363,0.0,0.0,-4.17808001177E-4,0.0,0.0,0.0,994.850180522,8.90690687028E-4,629.678280757,411.839441931,-0.0,0.0428861260947,-0.00195996939242,0.0,0.0,0.0,0.0704310006253,2.18645225886
0.2,2.09556456834E7,305.622820149,0.0,-6.42091493157,1528.1183624,0.0,0.0,0.00867349203099,6.39862843824,29999.3601241,2.36143395571E-9,0.0,32.10653791571455,0.0,0.0,-8.35617187882E-4,0.0,0.0,0.0,994.852241654,8.90706394194E-4,629.691994202,411.841148432,-0.0,0.0430137267565,-0.00393180331978,0.0,0.0,0.0,0.0706449516974,2.19980408975
0.3,2.09556448808E7,458.434869048,0.0,-9.63107611655,1528.12261527,0.0,0.0,0.0131015387203,9.59764623438,29998.5603087,5.33668559517E-9,0.0,32.10654037058275,0.0,0.0,-0.00125342757636,0.0,0.0,0.0,994.85567676,8.90732572488E-4,629.714849794,411.843992513,-0.0,0.0432289472922,-0.00592759969769,0.0,0.0,0.0,0.0710029022067,2.22223357253
0.4,2.09556437571E7,611.247343285,0.0,-12.8410363226,1528.12687059,0.0,0.0,0.017602079087,12.7964629554,29997.4406015,9.53234373792E-9,0.0,32.10654380715827,0.0,0.0,-0.00167123918524,0.0,0.0,0.0,994.860485742,8.90769221966E-4,629.746847771,411.847974106,-0.0,0.0435304231219,-0.00795921198105,0.0,0.0,0.0,0.0715026480116,2.25374004752
0.5,2.09556423126E7,764.060243531,0.0,-16.0507914878,1528.13113687,0.0,0.0,0.022183644378,15.995074538,29996.0010229,1.49693998967E-8,0.0,32.1065482254411,0.0,0.0,-0.00208905203552,0.0,0.0,0.0,994.866668492,8.90816342955E-4,629.787988685,411.853093138,-0.0,0.0439163105503,-0.0100381412129,0.0,0.0,0.0,0.0721411982854,2.29432345733
0.6,2.0955640547E7,916.873571303,0.0,-19.2603364216,1528.13542246,0.0,0.0,0.0268545594132,19.1934757897,29994.2415936,2.16711509666E-8,0.0,32.106553625531284,0.0,0.0,-0.0025068661505,0.0,0.0,0.0,994.874224897,8.90873936052E-4,629.838273396,411.859349535,-0.0,0.0443843380811,-0.0121754420354,0.0,0.0,0.0,0.0729148596615,2.3439843336
0.7,2.09556384605E7,1069.68732894,0.0,-22.4696648536,1528.13973544,0.0,0.0,0.0316229027008,22.3916604384,29992.162335,2.96631372013E-8,0.0,32.10656000712883,0.0,0.0,-0.00292468155571,0.0,0.0,0.0,994.883154833,8.90942002116E-4,629.897703073,411.866743222,-0.0,0.0449318664874,-0.0143816454465,0.0,0.0,0.0,0.0738193347756,2.4027237843
0.8,2.09556360531E7,1222.50151956,0.0,-25.6787694891,1528.14408361,0.0,0.0,0.036496472861,25.5896211869,29989.763269,3.89730701296E-8,0.0,32.10656737033374,0.0,0.0,-0.00334249827886,0.0,0.0,0.0,994.893458172,8.91020542269E-4,629.966279187,411.875274122,-0.0,0.045555954142,-0.0166666998116,0.0,0.0,0.0,0.0748498294669,2.47054348167
0.9,2.09556333247E7,1375.31614708,0.0,-28.8876420695,1528.14847447,0.0,0.0,0.0414827616999,28.7873497739,29987.0444185,4.96307521998E-8,0.0,32.10657571504607,0.0,0.0,-0.00376031634977,0.0,0.0,0.0,994.905134772,8.91109557891E-4,630.04400351,411.884942155,-0.0,0.0462534241868,-0.0190399304048,0.0,0.0,0.0,0.0760011630217,2.54744565076
1.0,2.09556302755E7,1528.13121612,0.0,-32.0962734356,1528.1529152,0.0,0.0,0.0465889339721,31.9848370377,29984.0058071,6.16679899758E-8,0.0,32.106585041165815,0.0,0.0,-0.00417813580023,0.0,0.0,0.0,994.918184485,8.91209050614E-4,630.130878113,411.895747236,-0.0,0.0470209304755,-0.0215100166666,0.0,0.0,0.0,0.0772678764251,2.63343305878
1.1,2.09556269055E7,1680.94673201,0.0,-35.3046535932,1528.15741262,0.0,0.0,0.0518218135644,35.1820729807,29980.6474594,7.51185026985E-8,0.0,32.10659534859298,0.0,0.0,-0.00459595666397,0.0,0.0,0.0,994.932607152,8.91319022327E-4,630.226905363,411.90768928,-0.0,0.0478550197693,-0.0240849855272,0.0,0.0,0.0,0.0786443344808,2.72850900514
1.2,2.09556232146E7,1833.76270075,0.0,-38.5127717774,1528.16197322,0.0,0.0,0.0571878756397,38.3790468351,29976.9694012,9.00178278784E-8,0.0,32.10660663732763,0.0,0.0,-0.00501377897652,0.0,0.0,0.0,994.948402605,8.91439475162E-4,630.33208792,411.920768197,-0.0,0.0487521883097,-0.0267722185795,0.0,0.0,0.0,0.0801248187146,2.83267731229
1.3,2.0955619203E7,1986.57912897,0.0,-41.720616517,1528.16660313,0.0,0.0,0.0626932441051,41.5757471259,29972.9716592,1.06403225506E-7,0.0,32.10661890716976,0.0,0.0,-0.00543160277514,0.0,0.0,0.0,994.965570665,8.91570411504E-4,630.446428736,411.934983891,-0.0,0.0497089315481,-0.0295784705896,0.0,0.0,0.0,0.0817036090556,2.94594231721
1.4,2.09556148705E7,2139.39602388,0.0,-44.9281756954,1528.17130814,0.0,0.0,0.0683436936836,44.772161733,29968.6542613,1.2431358218E-7,0.0,32.106632158119396,0.0,0.0,-0.00584942809872,0.0,0.0,0.0,994.984111142,8.91711833978E-4,630.569931051,411.950336267,-0.0,0.0507217864179,-0.0325098967776,0.0,0.0,0.0,0.0833750532828,3.06830886372
1.5,2.09556102173E7,2292.21339328,0.0,-48.1354366091,1528.17609368,0.0,0.0,0.0741446558417,47.9682779491,29964.0172368,1.43789316413E-7,0.0,32.10664639007658,0.0,0.0,-0.00626725498768,0.0,0.0,0.0,995.004023837,8.91863745455E-4,630.702598397,411.966825219,-0.0,0.0517873660415,-0.0355720864248,0.0,0.0,0.0,0.0851336240572,3.1997822954
1.6,2.09556052434E7,2445.03124547,0.0,-51.3423860224,1528.18096487,0.0,0.0,0.0801012278165,51.1640825345,29959.0606161,1.64872285913E-7,0.0,32.10666160304132,0.0,0.0,-0.00668508348387,0.0,0.0,0.0,995.025308536,8.92026149043E-4,630.844434587,411.984450643,-0.0,0.0529023871589,-0.0387701006078,0.0,0.0,0.0,0.0869739640088,3.34036844918
1.7,2.09555999489E7,2597.84958927,0.0,-54.5490102181,1528.18592648,0.0,0.0,0.086218184052,54.3595617678,29953.7844311,1.87605697745E-7,0.0,32.10667779671365,0.0,0.0,-0.00710291363051,0.0,0.0,0.0,995.047965018,8.92199048093E-4,630.995443723,412.003212426,-0.0,0.0540636908428,-0.0421085121837,0.0,0.0,0.0,0.0888909198002,3.49007364957
1.8,2.09555943336E7,2750.66843393,0.0,-57.7552950447,1528.190983,0.0,0.0,0.0924999893993,57.5547014933,29948.1887151,2.12034021845E-7,0.0,32.1066949711936,0.0,0.0,-0.00752074547205,0.0,0.0,0.0,995.071993048,8.92382446192E-4,631.155630189,412.023110452,-0.0,0.0552682572317,-0.0455914464923,0.0,0.0,0.0,0.0908795663705,3.64890470335
1.9,2.09555883978E7,2903.48778917,0.0,-60.9612259586,1528.1961386,0.0,0.0,0.0989508135308,60.749487163,29942.2735026,2.38202908339E-7,0.0,32.10671312628119,0.0,0.0,-0.00793857905417,0.0,0.0,0.0,995.09739238,8.92576347163E-4,631.324998653,412.0441446,-0.0,0.056513215098,-0.0492226215775,0.0,0.0,0.0,0.0929352226955,3.81686889484
2.0,2.09555821414E7,3056.30766508,0.0,-64.1667880632,1528.20139719,0.0,0.0,0.105574546084,63.9439038759,29936.0388299,2.66159108876E-7,0.0,32.10673226177647,0.0,0.0,-0.00835641442359,0.0,0.0,0.0,995.124162757,8.92780755065E-4,631.503554062,412.066314742,-0.0,0.0577958470785,-0.0530053870425,0.0,0.0,0.0,0.0950534604256,3.99397398165
2.1,2.09555755645E7,3209.12807216,0.0,-67.3719661439,1528.20676241,0.0,0.0,0.112374812149,67.1379364126,29929.4847347,2.95950402206E-7,0.0,32.10675237777946,0.0,0.0,-0.00877425162811,0.0,0.0,0.0,995.152303907,8.9299567419E-4,631.691301648,412.089620746,-0.0,0.0591135913625,-0.0569427609193,0.0,0.0,0.0,0.0972301067026,4.18022819074
2.2,2.0955568667E7,3361.94902123,0.0,-70.5767446993,1528.21223764,0.0,0.0,0.119354987784,70.3315692672,29922.611256,3.27625523953E-7,0.0,32.106773473990195,0.0,0.0,-0.00919209071645,0.0,0.0,0.0,995.181815551,8.93221109065E-4,631.88824692,412.114062477,-0.0,0.0604640405647,-0.0610374641552,0.0,0.0,0.0,0.099461242352,4.375640215
2.3,2.09555614491E7,3514.77052346,0.0,-73.7811079694,1528.21782604,0.0,0.0,0.126518215294,73.5247866748,29915.4184347,3.61234100641E-7,0.0,32.106795550408705,0.0,0.0,-0.00960993173825,0.0,0.0,0.0,995.212697392,8.93457064446E-4,632.094395667,412.13963979,-0.0,0.0618449384282,-0.0652919524995,0.0,0.0,0.0,0.101743196509,4.58021921002
2.4,2.09555539108E7,3667.59259031,0.0,-76.9850399608,1528.22353055,0.0,0.0,0.133867418106,76.7175726372,29907.906313,3.96826587838E-7,0.0,32.106818606835034,0.0,0.0,-0.010027774744,0.0,0.0,0.0,995.244949125,8.93703545324E-4,632.309753958,412.166352539,-0.0,0.0632541749134,-0.0697084457081,0.0,0.0,0.0,0.104072538591,4.79397479127
2.5,2.09555460521E7,3820.41523353,0.0,-80.1885244685,1528.2293539,0.0,0.0,0.141405315094,79.9099109446,29900.0749351,4.34454212293E-7,0.0,32.106842643169216,0.0,0.0,-0.0104456197848,0.0,0.0,0.0,995.278570431,8.93960556919E-4,632.534328139,412.194200568,-0.0,0.0646897801397,-0.0742889540853,0.0,0.0,0.0,0.106446068382,5.01691703147
2.6,2.09555378731E7,3973.23846514,0.0,-83.3915450963,1528.23529864,0.0,0.0,0.149134434244,83.1017851956,29891.9243463,4.74168917863E-7,0.0,32.106867659311284,0.0,0.0,-0.0108634669127,0.0,0.0,0.0,995.313560979,8.94228104681E-4,632.768124835,412.223183718,-0.0,0.0661499175626,-0.0790353024534,0.0,0.0,0.0,0.108860804863,5.24905645826
2.7,2.09555293739E7,4126.06229739,0.0,-86.5940852736,1528.24136713,0.0,0.0,0.157057125631,86.2931788146,29883.454594,5.16023315165E-7,0.0,32.10689365496128,0.0,0.0,-0.0112813161804,0.0,0.0,0.0,995.349920424,8.94506194289E-4,633.011150947,412.253301825,-0.0,0.0676328766955,-0.0839491516881,0.0,0.0,0.0,0.111313974284,5.49040405198
2.8,2.09555205543E7,4278.88674276,0.0,-89.796128271,1528.24756158,0.0,0.0,0.165175573639,89.4840750675,29874.6657271,5.60070634597E-7,0.0,32.106920630119255,0.0,0.0,-0.0116991676409,0.0,0.0,0.0,995.387648409,8.94794831653E-4,633.263413656,412.284554716,-0.0,0.0691370656192,-0.0890320179848,0.0,0.0,0.0,0.113802997894,5.74097124375
2.9,2.09555114146E7,4431.71181397,0.0,-92.9976572144,1528.25388403,0.0,0.0,0.173491808446,92.6744570745,29865.5577962,6.06364682635E-7,0.0,32.10694858468524,0.0,0.0,-0.0121170213482,0.0,0.0,0.0,995.426744567,8.95094022909E-4,633.524920417,412.316942215,-0.0,0.0706610034653,-0.0942852900385,0.0,0.0,0.0,0.116325479622,6.00076991364
3.0,2.09555019548E7,4584.5375239,0.0,-96.1986550961,1528.26033638,0.0,0.0,0.182007716745,95.8643078231,29856.1308534,6.54959801154E-7,0.0,32.10697751835928,0.0,0.0,-0.0125348773565,0.0,0.0,0.0,995.467208514,8.95403774422E-4,633.795678964,412.35046414,-0.0,0.0722033130149,-0.0997102443196,0.0,0.0,0.0,0.118879193942,6.26981238894
3.1,2.09554921749E7,4737.36388564,0.0,-99.399104786,1528.26692042,0.0,0.0,0.190725051748,99.0536101778,29846.3849529,7.05910829589E-7,0.0,32.10700743104142,0.0,0.0,-0.0129527357208,0.0,0.0,0.0,995.509039856,8.95724092786E-4,634.075697304,412.3851203,-0.0,0.0737627135144,-0.105308058631,0.0,0.0,0.0,0.121462074099,6.54811144268
3.2,2.0955482075E7,4890.19091243,0.0,-102.598989041,1528.27363778,0.0,0.0,0.199645442485,102.24234689,29836.3201502,7.59273069743E-7,0.0,32.10703832253169,0.0,0.0,-0.0133705964962,0.0,0.0,0.0,995.552238185,8.96054984822E-4,634.364983725,412.420910502,-0.0,0.07533801378,-0.111079824116,0.0,0.0,0.0,0.124072200804,6.8356802921
3.3,2.09554716552E7,5043.01861769,0.0,-105.798290511,1528.28049001,0.0,0.0,0.208770402424,105.430500606,29825.9365029,8.15102253028E-7,0.0,32.10707019263017,0.0,0.0,-0.0137884597386,0.0,0.0,0.0,995.596803081,8.96396457575E-4,634.663546787,412.457834544,-0.0,0.0769281056386,-0.117026555891,0.0,0.0,0.0,0.12670779148,7.13253259737
3.4,2.09554609154E7,5195.84701497,0.0,-108.996991751,1528.28747852,0.0,0.0,0.218101337455,108.618053872,29815.2340701,8.73454509959E-7,0.0,32.10710304133689,0.0,0.0,-0.0142063255041,0.0,0.0,0.0,995.642734111,8.96748518321E-4,634.971395328,412.495892219,-0.0,0.0785319577319,-0.123149202433,0.0,0.0,0.0,0.129367190107,7.43868246023
3.5,2.09554498558E7,5348.67611798,0.0,-112.195075221,1528.29460465,0.0,0.0,0.227639553279,111.804989146,29804.2129127,9.34386341802E-7,0.0,32.107136868251885,0.0,0.0,-0.0146241938492,0.0,0.0,0.0,995.690030827,8.97111174559E-4,635.288538462,412.535083315,-0.0,0.0801486096994,-0.129448653896,0.0,0.0,0.0,0.132048857682,7.75414442286
3.6,2.09554384764E7,5501.50594053,0.0,-115.392523295,1528.30186963,0.0,0.0,0.237386262227,114.991288796,29792.8730935,9.97954594106E-7,0.0,32.10717167337524,0.0,0.0,-0.0150420648307,0.0,0.0,0.0,995.738692772,8.97484434017E-4,635.614985579,412.575407611,-0.0,0.0817771667409,-0.135925749434,0.0,0.0,0.0,0.134751363307,8.07893346667
3.7,2.09554267773E7,5654.33649657,0.0,-118.589318269,1528.30927461,0.0,0.0,0.247342589556,118.176935111,29781.2146768,1.06421643206E-6,0.0,32.107207456406975,0.0,0.0,-0.0154599385057,0.0,0.0,0.0,995.788719472,8.97868304646E-4,635.950746342,412.616864883,-0.0,0.0834167945542,-0.142581283696,0.0,0.0,0.0,0.137473375891,8.41306501122
3.8,2.09554147585E7,5807.16780016,0.0,-121.785442356,1528.31682066,0.0,0.0,0.257509579264,121.3619103,29769.2377288,1.13322931752E-6,0.0,32.10724421704716,0.0,0.0,-0.0158778149318,0.0,0.0,0.0,995.840110442,8.98262794625E-4,636.295830694,412.659454898,-0.0,0.0850667146366,-0.149416012543,0.0,0.0,0.0,0.140213656444,8.75655491319
3.9,2.09554024202E7,5959.99986544,0.0,-124.980877698,1528.32450876,0.0,0.0,0.267888199442,124.5461965,29756.9423177,1.2050509875E-6,0.0,32.10728195539585,0.0,0.0,-0.0162956941667,0.0,0.0,0.0,995.892865185,8.98667912358E-4,636.650248851,412.703177419,-0.0,0.0867261999355,-0.156430658114,0.0,0.0,0.0,0.142971050954,9.10941946533
4.0,2.09553897624E7,6112.83270668,0.0,-128.175606367,1528.33233985,0.0,0.0,0.278479347217,127.729775777,29744.3285131,1.27973943411E-6,0.0,32.10732067095309,0.0,0.0,-0.0167135762684,0.0,0.0,0.0,995.946983189,8.99083666472E-4,637.014011305,412.748032201,-0.0,0.0883945708292,-0.163625913306,0.0,0.0,0.0,0.145744483795,9.47167539548
4.1,2.09553767851E7,6265.6663382,0.0,-131.369610366,1528.34031477,0.0,0.0,0.2892838533,130.912630127,29731.3963867,1.35735288584E-6,0.0,32.10736036361894,0.0,0.0,-0.0171314612951,0.0,0.0,0.0,996.002463929,8.99510065823E-4,637.387128825,412.794018995,-0.0,0.0900711914202,-0.171002445731,0.0,0.0,0.0,0.148532951656,9.84333986563
4.2,2.09553634885E7,6418.50077445,0.0,-134.562871632,1528.34843432,0.0,0.0,0.300302486188,134.094741484,29718.1460118,1.43794978993E-6,0.0,32.10740103309347,0.0,0.0,-0.0175493493052,0.0,0.0,0.0,996.059306868,8.99947119488E-4,637.769612454,412.841137542,-0.0,0.0917554661205,-0.178560901226,0.0,0.0,0.0,0.151335517941,10.2244304709
4.3,2.09553498726E7,6571.33602991,0.0,-137.755372039,1528.35669924,0.0,0.0,0.311535956032,137.276091715,29704.5774638,1.52158879594E-6,0.0,32.10744267927673,0.0,0.0,-0.0179672403574,0.0,0.0,0.0,996.117511455,9.00394836772E-4,638.161473512,412.889387581,-0.0,0.0934468365091,-0.186301906958,0.0,0.0,0.0,0.154151307628,10.6149652388
4.4,2.09553359374E7,6724.17211917,0.0,-140.947093398,1528.3651102,0.0,0.0,0.322984918204,140.456662626,29690.6908195,1.60832874026E-6,0.0,32.107485301868785,0.0,0.0,-0.0183851345106,0.0,0.0,0.0,996.177077127,9.00853227202E-4,638.562723595,412.938768842,-0.0,0.0951447784423,-0.194226074184,0.0,0.0,0.0,0.156979502527,11.0149626281
4.5,2.09553216832E7,6877.00905684,0.0,-144.138017461,1528.37366786,0.0,0.0,0.334649976588,143.636435963,29676.4861578,1.69822863164E-6,0.0,32.10752890066969,0.0,0.0,-0.0188030318237,0.0,0.0,0.0,996.238003307,9.0132230053E-4,638.973374574,412.989281048,-0.0,0.0968487993971,-0.202334000694,0.0,0.0,0.0,0.159819336937,11.4244415281
4.6,2.09553071099E7,7029.84685765,0.0,-147.32812592,1528.38237278,0.0,0.0,0.346531686616,146.815393414,29661.9635595,1.7913476375E-6,0.0,32.10757347547952,0.0,0.0,-0.0192209323559,0.0,0.0,0.0,996.300289404,9.01802066733E-4,639.393438596,413.040923918,-0.0,0.0985584360314,-0.210626272989,0.0,0.0,0.0,0.162670093647,11.8434212574
4.7,2.09552922176E7,7182.68553633,0.0,-150.517400409,1528.3912255,0.0,0.0,0.35863055807,149.993516605,29647.1231069,1.88774507111E-6,0.0,32.10761902589833,0.0,0.0,-0.0196388361666,0.0,0.0,0.0,996.363934816,9.02292536011E-4,639.822928085,413.093697162,-0.0,0.100273251942,-0.219103468206,0.0,0.0,0.0,0.165531100264,12.2719215637
4.8,2.09552770064E7,7335.52510769,0.0,-153.705822504,1528.40022653,0.0,0.0,0.370947057673,153.170787109,29631.9648846,1.98748037944E-6,0.0,32.107665551826194,0.0,0.0,-0.0200567433151,0.0,0.0,0.0,996.428938926,9.02793718788E-4,640.26185574,413.147600487,-0.0,0.101992835605,-0.227766155846,0.0,0.0,0.0,0.168401725847,12.709962622
4.9,2.09552614765E7,7488.36558659,0.0,-156.893373725,1528.40937632,0.0,0.0,0.383481611472,156.34718644,29616.4889786,2.09061313173E-6,0.0,32.107713052863176,0.0,0.0,-0.0204746538611,0.0,0.0,0.0,996.495301105,9.03305625713E-4,640.710234536,413.202633589,-0.0,0.103716798485,-0.236614899301,0.0,0.0,0.0,0.171281377812,13.1575650345
5.0,2.09552456278E7,7641.20698792,0.0,-160.080035536,1528.41867528,0.0,0.0,0.396234607052,159.522696056,29600.695477,2.19720300871E-6,0.0,32.10776152890934,0.0,0.0,-0.0208925678642,0.0,0.0,0.0,996.56302071,9.03828267657E-4,641.168077726,413.258796162,-0.0,0.105444773296,-0.245650257222,0.0,0.0,0.0,0.174169499084,13.6147498292
5.1,2.09552294605E7,7794.04932663,0.0,-163.265789346,1528.42812381,0.0,0.0,0.409206395574,162.69729736,29584.5844696,2.30730979232E-6,0.0,32.10781097946477,0.0,0.0,-0.0213104853842,0.0,0.0,0.0,996.632097085,9.04361655715E-4,641.635398837,413.31608789,-0.0,0.107176412406,-0.254872784742,0.0,0.0,0.0,0.177065565492,14.0815384594
5.2,2.09552129746E7,7946.89261768,0.0,-166.450616506,1528.43772225,0.0,0.0,0.422397293665,165.870971698,29568.1560484,2.42099335608E-6,0.0,32.10786140452953,0.0,0.0,-0.021728406481,0.0,0.0,0.0,996.70252956,9.04905801206E-4,642.112211675,413.374508452,-0.0,0.108911386365,-0.26428303456,0.0,0.0,0.0,0.179969083364,14.5579528022
5.3,2.09551961704E7,8099.73687609,0.0,-169.634498315,1528.44747092,0.0,0.0,0.435807585168,169.043700364,29551.4103068,2.53831365585E-6,0.0,32.10791280370369,0.0,0.0,-0.0221463312145,0.0,0.0,0.0,996.774317454,9.05460715669E-4,642.598530319,413.434057521,-0.0,0.11064938256,-0.273881557921,0.0,0.0,0.0,0.182879587325,15.0440151582
5.4,2.09551790478E7,8252.58211689,0.0,-172.817416014,1528.45737011,0.0,0.0,0.449437522755,172.215464592,29534.3473404,2.65933072109E-6,0.0,32.10796517658732,0.0,0.0,-0.0225642596448,0.0,0.0,0.0,996.84746007,9.0602641087E-4,643.094369129,413.494734763,-0.0,0.112390103968,-0.283668905482,0.0,0.0,0.0,0.185796638265,15.5397482502
5.5,2.09551616069E7,8405.42835514,0.0,-175.999350791,1528.46742007,0.0,0.0,0.463287329429,175.386245567,29516.9672467,2.78410464661E-6,0.0,32.10801852308051,0.0,0.0,-0.022982191832,0.0,0.0,0.0,996.9219567,9.06602898796E-4,643.599742738,413.556539837,-0.0,0.114133268014,-0.293645628103,0.0,0.0,0.0,0.188719821472,16.0451752224
5.6,2.09551438479E7,8558.27560593,0.0,-179.180283778,1528.47762103,0.0,0.0,0.477357199914,178.556024413,29499.2701247,2.91269558457E-6,0.0,32.10807284278333,0.0,0.0,-0.0234001278361,0.0,0.0,0.0,996.997806622,9.07190191655E-4,644.114666058,413.619472395,-0.0,0.115878605517,-0.303812277536,0.0,0.0,0.0,0.191648744917,16.5603196395
5.7,2.09551257709E7,8711.12388438,0.0,-182.360196051,1528.48797321,0.0,0.0,0.491647301939,181.724782202,29481.2560758,3.04516373702E-6,0.0,32.10812813539585,0.0,0.0,-0.0238180677175,0.0,0.0,0.0,997.0750091,9.07788301881E-4,644.639154277,413.683532083,-0.0,0.117625859721,-0.314169407064,0.0,0.0,0.0,0.194583037666,17.0852054855
5.8,2.09551073759E7,8863.97320562,0.0,-185.539068633,1528.49847677,0.0,0.0,0.506157777437,184.892499951,29462.925203,3.1815693486E-6,0.0,32.10818440061816,0.0,0.0,-0.0242360115363,0.0,0.0,0.0,997.153563385,9.08397242128E-4,645.173222861,413.748718542,-0.0,0.119374785397,-0.324717572058,0.0,0.0,0.0,0.197522348425,17.6198571629
5.9,2.09550886631E7,9016.82358479,0.0,-188.716882488,1528.50913187,0.0,0.0,0.520888743647,188.059158618,29444.2776111,3.32197269972E-6,0.0,32.10824163805033,0.0,0.0,-0.0246539593529,0.0,0.0,0.0,997.233468715,9.09017025272E-4,645.716887552,413.815031402,-0.0,0.12112514802,-0.335457330488,0.0,0.0,0.0,0.200466344195,18.1642994917
6.0,2.09550696326E7,9169.67503705,0.0,-191.893618527,1528.51993865,0.0,0.0,0.535840294152,191.22473911,29425.3134072,3.46643409994E-6,0.0,32.10829984759246,0.0,0.0,-0.0250719112275,0.0,0.0,0.0,997.314724316,9.09647664412E-4,646.27016437,413.882470292,-0.0,0.122876723003,-0.346389243377,0.0,0.0,0.0,0.203414709029,18.7185577084
6.1,2.09550502844E7,9322.52757758,0.0,-195.069257603,1528.53089721,0.0,0.0,0.551012499826,194.389222272,29406.0326999,3.61501388161E-6,0.0,32.108359028744616,0.0,0.0,-0.0254898672205,0.0,0.0,0.0,997.397329398,9.10289172868E-4,646.833069614,413.951034829,-0.0,0.124629294997,-0.357513875212,0.0,0.0,0.0,0.206367142885,19.2826574646
6.2,2.09550306188E7,9475.38122156,0.0,-198.243780512,1528.54200765,0.0,0.0,0.566405409727,197.552588897,29386.4355999,3.7677723938E-6,0.0,32.10841918120689,0.0,0.0,-0.0259078273923,0.0,0.0,0.0,997.481283159,9.10941564183E-4,647.405619857,414.020724626,-0.0,0.126382657234,-0.368831794311,0.0,0.0,0.0,0.209323360573,19.8566248267
6.3,2.09550106357E7,9628.23598417,0.0,-201.417167994,1528.55327002,0.0,0.0,0.582019051921,200.714819719,29366.52222,3.9247699965E-6,0.0,32.108480304579366,0.0,0.0,-0.0263257918031,0.0,0.0,0.0,997.566584784,9.1160485212E-4,647.987831954,414.09153929,-0.0,0.128136610927,-0.380343573159,0.0,0.0,0.0,0.212283090771,20.4404862742
6.4,2.09549903354E7,9781.09188063,0.0,-204.589400731,1528.56468439,0.0,0.0,0.597853434248,203.875895414,29346.2926745,4.08606705492E-6,0.0,32.10854239866214,0.0,0.0,-0.0267437605134,0.0,0.0,0.0,997.653233445,9.12279050665E-4,648.579723035,414.163478419,-0.0,0.129890964715,-0.392049788702,0.0,0.0,0.0,0.215246075123,21.0342686986
6.5,2.09549697179E7,9933.94892612,0.0,-207.760459348,1528.57625079,0.0,0.0,0.613908545036,207.035796602,29325.74708,4.25172393409E-6,0.0,32.10860546305527,0.0,0.0,-0.0271617335835,0.0,0.0,0.0,997.7412283,9.12964174023E-4,649.181310508,414.236541606,-0.0,0.131645534138,-0.403951022619,0.0,0.0,0.0,0.218212067399,21.6379994027
6.6,2.09549487833E7,10086.8071359,0.0,-210.93032441,1528.58796921,0.0,0.0,0.630184353766,210.194503842,29304.885555,4.42180099364E-6,0.0,32.10866949735889,0.0,0.0,-0.0275797110738,0.0,0.0,0.0,997.830568493,9.13660236623E-4,649.792612061,414.310728436,-0.0,0.133400141166,-0.416047861565,0.0,0.0,0.0,0.221180832722,22.2517060992
6.7,2.09549275319E7,10239.666525,0.0,-214.098976424,1528.59983966,0.0,0.0,0.646680811686,213.351997635,29283.7082197,4.59635858277E-6,0.0,32.10873450117306,0.0,0.0,-0.0279976930446,0.0,0.0,0.0,997.921253156,9.14367253113E-4,650.41364566,414.386038488,-0.0,0.135154613749,-0.428340897385,0.0,0.0,0.0,0.224152146845,22.8754169095
6.8,2.09549059636E7,10392.5271089,0.0,-217.266395837,1528.61186212,0.0,0.0,0.663397852387,216.508258425,29262.2151965,4.77545703522E-6,0.0,32.10880047429788,0.0,0.0,-0.0284156795563,0.0,0.0,0.0,998.013281406,9.1508523836E-4,651.044429548,414.462471334,-0.0,0.136908785403,-0.440830727314,0.0,0.0,0.0,0.227125795486,23.5091603627
6.9,2.09548840786E7,10545.3889025,0.0,-220.432563036,1528.62403655,0.0,0.0,0.680335392338,219.663266591,29240.4066098,4.95915666469E-6,0.0,32.10886741623345,0.0,0.0,-0.0288336706691,0.0,0.0,0.0,998.106652349,9.15814207455E-4,651.684982247,414.540026538,-0.0,0.13866249483,-0.453517954154,0.0,0.0,0.0,0.23010157371,24.1529653942
7.0,2.09548618771E7,10698.2519212,0.0,-223.597458348,1528.63636289,0.0,0.0,0.697493331386,222.817002456,29218.2825856,5.14751776011E-6,0.0,32.10893532657986,0.0,0.0,-0.0292516664434,0.0,0.0,0.0,998.201365075,9.16554175709E-4,652.335322559,414.618703659,-0.0,0.140415585559,-0.466403186429,0.0,0.0,0.0,0.233079285351,24.8068613447
7.1,2.09548393592E7,10851.1161802,0.0,-226.761062038,1528.64884108,0.0,0.0,0.714871553209,225.96944628,29195.8432523,5.3406005812E-6,0.0,32.1090042050372,0.0,0.0,-0.0296696669395,0.0,0.0,0.0,998.297418663,9.17305158649E-4,652.995469564,414.698502248,-0.0,0.142167905611,-0.479487038529,0.0,0.0,0.0,0.236058742481,25.4708779585
7.2,2.09548165249E7,11003.9816945,0.0,-229.923354311,1528.66147102,0.0,0.0,0.73246992576,229.120578261,29173.0887401,5.53846535415E-6,0.0,32.10907405110558,0.0,0.0,-0.0300876722175,0.0,0.0,0.0,998.394812177,9.18067172027E-4,653.665442622,414.779421849,-0.0,0.143919307195,-0.492770130837,0.0,0.0,0.0,0.239039764909,26.1450453828
7.3,2.09547933746E7,11156.8484794,0.0,-233.084315307,1528.67425262,0.0,0.0,0.750288301657,232.270378535,29150.0191811,5.74117226732E-6,0.0,32.109144864485096,0.0,0.0,-0.0305056823376,0.0,0.0,0.0,998.493544667,9.18840231812E-4,654.34526137,414.861461999,-0.0,0.145669646413,-0.506253089846,0.0,0.0,0.0,0.242022179721,26.8293941661
7.4,2.09547699081E7,11309.7165501,0.0,-236.243925105,1528.68718577,0.0,0.0,0.768326518563,235.418827175,29126.6347095,5.94878146715E-6,0.0,32.109216644775834,0.0,0.0,-0.03092369736,0.0,0.0,0.0,998.593615173,9.19624354193E-4,655.034945726,414.94462223,-0.0,0.147418782996,-0.519936548256,0.0,0.0,0.0,0.245005820851,27.5239552567
7.5,2.09547461258E7,11462.5859216,0.0,-239.402163718,1528.70027034,0.0,0.0,0.786584399529,238.565904189,29102.9354614,6.1613530541E-6,0.0,32.10928939157792,0.0,0.0,-0.0313417173449,0.0,0.0,0.0,998.695022717,9.2041955558E-4,655.734515889,415.028902063,-0.0,0.149166580049,-0.53382114507,0.0,0.0,0.0,0.247990528676,28.2287600015
7.6,2.09547220277E7,11615.4566092,0.0,-242.559011099,1528.71350618,0.0,0.0,0.805061753314,241.711589524,29078.921575,6.3789470787E-6,0.0,32.10936310439143,0.0,0.0,-0.0317597423521,0.0,0.0,0.0,998.797766311,9.21225852599E-4,656.443992334,415.114301015,-0.0,0.150912903818,-0.547907525667,0.0,0.0,0.0,0.250976149644,28.9438401449
7.7,2.09546976141E7,11768.3286279,0.0,-245.714447132,1528.72689314,0.0,0.0,0.823758374694,244.85586306,29054.5931905,6.60162353772E-6,0.0,32.109437782816485,0.0,0.0,-0.0321777724418,0.0,0.0,0.0,998.901844952,9.22043262097E-4,657.163395818,415.200818596,-0.0,0.152657623471,-0.562196341884,0.0,0.0,0.0,0.253962535924,29.6692278268
7.8,2.09546728849E7,11921.2019928,0.0,-248.868451637,1528.74043106,0.0,0.0,0.842674044731,247.99870461,29029.9504501,6.82944237038E-6,0.0,32.109513426553185,0.0,0.0,-0.0325958076738,0.0,0.0,0.0,999.007257624,9.22871801141E-4,657.892747379,415.288454308,-0.0,0.15440061089,-0.576688252067,0.0,0.0,0.0,0.256949545081,30.4049555815
7.9,2.09546478404E7,12074.0767191,0.0,-252.021004368,1528.75411975,0.0,0.0,0.861808531035,251.140093924,29004.993498,7.0624634546E-6,0.0,32.10959003500163,0.0,0.0,-0.0330138481082,0.0,0.0,0.0,999.114003298,9.23711487014E-4,658.632068333,415.377207646,-0.0,0.15614174048,-0.591383921136,0.0,0.0,0.0,0.25993703977,31.1510563362
8.0,2.09546224807E7,12226.9528218,0.0,-255.172085011,1528.76795903,0.0,0.0,0.881161588004,254.280010683,28979.7224804,7.30074660341E-6,0.0,32.10966760776194,0.0,0.0,-0.0334318938045,0.0,0.0,0.0,999.22208093,9.24562337218E-4,659.381380278,415.467078097,-0.0,0.157880888992,-0.606284020625,0.0,0.0,0.0,0.262924887455,31.9075634095
8.1,2.0954596806E7,12379.8303159,0.0,-258.321673187,1528.78194869,0.0,0.0,0.900732957048,257.418434501,28954.1375456,7.54435156137E-6,0.0,32.109746144434226,0.0,0.0,-0.0338499448227,0.0,0.0,0.0,999.331489464,9.25424369474E-4,660.140705091,415.558065143,-0.0,0.159617935347,-0.621389228726,0.0,0.0,0.0,0.265912960137,32.6745105096
8.2,2.09545708165E7,12532.7092166,0.0,-261.469748446,1528.7960885,0.0,0.0,0.920522366791,260.555344924,28928.238844,7.79333800099E-6,0.0,32.109825644618574,0.0,0.0,-0.0342680012224,0.0,0.0,0.0,999.44222783,9.26297601719E-4,660.91006493,415.650168257,-0.0,0.161352760483,-0.636700230326,0.0,0.0,0.0,0.268901134109,33.4519317332
8.3,2.09545445121E7,12685.5895386,0.0,-264.61629027,1528.81037825,0.0,0.0,0.940529533268,263.69072143,28902.0265278,8.04776551937E-6,0.0,32.109906107715126,0.0,0.0,-0.0346860630631,0.0,0.0,0.0,999.554294946,9.27182052112E-4,661.689482235,415.743386905,-0.0,0.163085247204,-0.652217717032,0.0,0.0,0.0,0.271889289724,34.2398615633
8.4,2.09545178933E7,12838.4712972,0.0,-267.761278073,1528.82481769,0.0,0.0,0.96075416009,266.824543425,28875.5007515,8.3076936347E-6,0.0,32.109987533423975,0.0,0.0,-0.0351041304045,0.0,0.0,0.0,999.667689713,9.28077739023E-4,662.478979725,415.837720547,-0.0,0.164815280039,-0.667942387197,0.0,0.0,0.0,0.27487731117,35.0383348682
8.5,2.09544909599E7,12991.3545072,0.0,-270.904691197,1528.83940657,0.0,0.0,0.98119593862,269.956790247,28848.6616716,8.5731817829E-6,0.0,32.11006992114525,0.0,0.0,-0.0355222033058,0.0,0.0,0.0,999.782411022,9.28984681044E-4,663.278580402,415.933168636,-0.0,0.166542745111,-0.683874945939,0.0,0.0,0.0,0.277865086272,35.8473868993
8.6,2.09544637124E7,13144.2391835,0.0,-274.046508913,1528.85414464,0.0,0.0,1.00185454811,273.087441163,28821.5094466,8.8442893143E-6,0.0,32.11015327037904,0.0,0.0,-0.0359402818266,0.0,0.0,0.0,999.898457748,9.29902896982E-4,664.088307547,416.029730614,-0.0,0.168267530016,-0.700016105154,0.0,0.0,0.0,0.280852506297,36.6670532895
8.7,2.09544361507E7,13297.1253411,0.0,-277.186710421,1528.8690316,0.0,0.0,1.02272965585,276.216475367,28794.0442373,9.12107549047E-6,0.0,32.11023758082548,0.0,0.0,-0.036358366026,0.0,0.0,0.0,1000.01582875,9.30832405862E-4,664.908184724,416.127405921,-0.0,0.169989523699,-0.716366583528,0.0,0.0,0.0,0.283839465771,37.4973700518
8.8,2.09544082751E7,13450.0129948,0.0,-280.32527485,1528.88406718,0.0,0.0,1.04382091728,279.343871981,28766.2662062,9.40359948076E-6,0.0,32.110322851784694,0.0,0.0,-0.0367764559632,0.0,0.0,0.0,1000.13452289,9.31773226923E-4,665.738235777,416.226193986,-0.0,0.171708616352,-0.732927106543,0.0,0.0,0.0,0.286825862314,38.3383735771
8.9,2.09543800857E7,13602.9021594,0.0,-283.462181253,1528.89925109,0.0,0.0,1.06512797612,282.469610057,28738.1755182,9.69192035927E-6,0.0,32.11040908295679,0.0,0.0,-0.0371945516973,0.0,0.0,0.0,1000.25453899,9.32725379622E-4,666.578484835,416.326094231,-0.0,0.173424699304,-0.749698406479,0.0,0.0,0.0,0.289811596475,39.1901006325
9.0,2.09543515827E7,13755.7928499,0.0,-286.597408613,1528.91458301,0.0,0.0,1.08665046448,285.59366857,28709.7723401,9.98609710153E-6,0.0,32.11049627364189,0.0,0.0,-0.0376126532873,0.0,0.0,0.0,1000.37587588,9.33688883632E-4,667.428956305,416.427106073,-0.0,0.175137664925,-0.766681222411,0.0,0.0,0.0,0.29279657159,40.0525883596
9.1,2.09543227663E7,13908.685081,0.0,-289.730935836,1528.93006264,0.0,0.0,1.10838800292,288.716026421,28681.0568411,1.02861885814E-5,0.0,32.11058442354011,0.0,0.0,-0.038030760792,0.0,0.0,0.0,1000.49853236,9.3466375884E-4,668.289674878,416.529228919,-0.0,0.176847406535,-0.78387630021,0.0,0.0,0.0,0.295780693634,40.9258742725
9.2,2.09542936366E7,14061.5788674,0.0,-292.862741754,1528.94568963,0.0,0.0,1.13034020057,291.836662437,28652.0291923,1.05922535679E-5,0.0,32.11067353195158,0.0,0.0,-0.0384488742702,0.0,0.0,0.0,1000.62250724,9.3565002535E-4,669.160665526,416.63246217,-0.0,0.178553818314,-0.80128439253,0.0,0.0,0.0,0.298763871092,41.8099962558
9.3,2.09542641938E7,14214.4742238,0.0,-295.992805124,1528.96146365,0.0,0.0,1.15250665522,294.955555371,28622.6895668,1.09043507223E-5,0.0,32.11076359847643,0.0,0.0,-0.0388669937806,0.0,0.0,0.0,1000.74779928,9.36647703481E-4,670.041953505,416.736805219,-0.0,0.18025679522,-0.818906258802,0.0,0.0,0.0,0.301746014831,42.7049925627
9.4,2.09542344381E7,14367.371165,0.0,-299.121104625,1528.97738436,0.0,0.0,1.17488695335,298.072683896,28593.03814,1.12225385947E-5,0.0,32.110854622614774,0.0,0.0,-0.0392851193817,0.0,0.0,0.0,1000.87440727,9.37656813764E-4,670.933564351,416.842257452,-0.0,0.18195623291,-0.836742665218,0.0,0.0,0.0,0.304727037986,43.6109018132
9.5,2.09542043696E7,14520.2697055,0.0,-302.247618861,1528.99345138,0.0,0.0,1.1974806702,301.188026611,28563.0750895,1.1546875621E-5,0.0,32.11094660366673,0.0,0.0,-0.0397032511319,0.0,0.0,0.0,1001.00232995,9.38677376948E-4,671.835523884,416.948818246,-0.0,0.183652027667,-0.854794384719,0.0,0.0,0.0,0.307706855849,44.5277629916
9.6,2.09541739886E7,14673.1698601,0.0,-305.372326356,1529.00966437,0.0,0.0,1.22028736987,304.301562036,28532.8005949,1.18774201201E-5,0.0,32.11103954123245,0.0,0.0,-0.0401213890896,0.0,0.0,0.0,1001.13156606,9.39709413994E-4,672.747858206,417.056486973,-0.0,0.185344076327,-0.873062196973,0.0,0.0,0.0,0.31068538576,45.4556154447
9.7,2.09541432952E7,14826.0716433,0.0,-308.495205558,1529.02602292,0.0,0.0,1.24330660531,307.413268613,28502.2148381,1.22142302909E-5,0.0,32.11113343471204,0.0,0.0,-0.040539533313,0.0,0.0,0.0,1001.26211434,9.40752946076E-4,673.670593704,417.165262995,-0.0,0.187032276216,-0.891546888357,0.0,0.0,0.0,0.313662547011,46.3944988799
9.8,2.09541122896E7,14978.9750695,0.0,-311.616234834,1529.04252665,0.0,0.0,1.26653791838,310.523124705,28471.3180029,1.25573642086E-5,0.0,32.11122828360564,0.0,0.0,-0.0409576838602,0.0,0.0,0.0,1001.39397349,9.41807994586E-4,674.603757044,417.275145668,-0.0,0.188716525082,-0.910249251935,0.0,0.0,0.0,0.316638260755,47.3444533625
9.9,2.0954080972E7,15131.8801534,0.0,-314.735392472,1529.05917517,0.0,0.0,1.28998083993,313.631108596,28440.1102755,1.29068798226E-5,0.0,32.111324087313385,0.0,0.0,-0.041375840789,0.0,0.0,0.0,1001.52714221,9.42874581123E-4,675.547375179,417.38613434,-0.0,0.190396721038,-0.929170087431,0.0,0.0,0.0,0.319612449914,48.3055193138
10.0,2.09540493426E7,15284.7869094,0.0,-317.852656682,1529.07596805,0.0,0.0,1.31363488975,316.737198487,28408.5918443,1.32628349529E-5,0.0,32.1114208453354,0.0,0.0,-0.0417940041574,0.0,0.0,0.0,1001.66161919,9.43952727504E-4,676.501475342,417.498228351,-0.0,0.192072762504,-0.948310201203,0.0,0.0,0.0,0.322585039097,49.2777375091
10.1,2.09540174016E7,15437.6953518,0.0,-320.968005588,1529.09290489,0.0,0.0,1.33749957665,319.841372501,28376.7628997,1.36252872871E-5,0.0,32.11151855697182,0.0,0.0,-0.0422121740229,0.0,0.0,0.0,1001.79740311,9.45042455755E-4,677.466085053,417.611427034,-0.0,0.193744548151,-0.967670406214,0.0,0.0,0.0,0.325555954523,50.2611490747
10.2,2.09539851491E7,15590.6054951,0.0,-324.081417237,1529.10998524,0.0,0.0,1.36157439847,322.943608679,28344.6236344,1.39942943777E-5,0.0,32.11161722172277,0.0,0.0,-0.0426303504432,0.0,0.0,0.0,1001.93449262,9.46143788117E-4,678.441232111,417.725729712,-0.0,0.195411976849,-0.987251522004,0.0,0.0,0.0,0.328525123944,51.2557954864
10.3,2.09539525853E7,15743.5173536,0.0,-327.192869591,1529.12720867,0.0,0.0,1.38585884208,326.043884979,28312.1742433,1.43699136388E-5,0.0,32.1117168389884,0.0,0.0,-0.0430485334757,0.0,0.0,0.0,1002.07288637,9.4725674704E-4,679.426944602,417.841135704,-0.0,0.19707494762,-1.00705437465,0.0,0.0,0.0,0.331492476576,52.2617185663
10.4,2.09539197106E7,15896.4309416,0.0,-330.30234053,1529.14457473,0.0,0.0,1.41035238341,329.142179274,28279.4149235,1.47522023435E-5,0.0,32.11181740816885,0.0,0.0,-0.0434667231776,0.0,0.0,0.0,1002.21258299,9.48381355188E-4,680.423250894,417.957644319,-0.0,0.198733359589,-1.02707979674,0.0,0.0,0.0,0.334457943033,53.2789604811
10.5,2.09538865249E7,16049.3462733,0.0,-333.40980785,1529.16208294,0.0,0.0,1.4350544874,332.238469358,28246.3458742,1.51412176204E-5,0.0,32.11191892866424,0.0,0.0,-0.0438849196061,0.0,0.0,0.0,1002.35358109,9.49517635434E-4,681.430179641,418.075254858,-0.0,0.200387111939,-1.04732862734,0.0,0.0,0.0,0.337421455261,54.307563739
10.6,2.09538530287E7,16202.2633629,0.0,-336.515249263,1529.17973285,0.0,0.0,1.45996460808,335.332732936,28212.9672971,1.5537016451E-5,0.0,32.11202139997472,0.0,0.0,-0.0443031228182,0.0,0.0,0.0,1002.49587929,9.50665610863E-4,682.447759778,418.193966615,-0.0,0.202036103868,-1.06780171193,0.0,0.0,0.0,0.340382946481,55.3475711879
10.7,2.0953819222E7,16355.1822246,0.0,-339.618642395,1529.19752397,0.0,0.0,1.48508218851,338.424947631,28179.2793959,1.59396556664E-5,0.0,32.11212482130044,0.0,0.0,-0.0447213328706,0.0,0.0,0.0,1002.63947617,9.51825304771E-4,683.476020525,418.313778876,-0.0,0.203680234549,-1.08849990241,0.0,0.0,0.0,0.343342351132,56.3990260119
10.8,2.0953785105E7,16508.1028724,0.0,-342.719964789,1529.21545581,0.0,0.0,1.51040666078,341.515090981,28145.2823767,1.63491919448E-5,0.0,32.11222919224152,0.0,0.0,-0.0451395498201,0.0,0.0,0.0,1002.78437031,9.52996740662E-4,684.514991388,418.434690918,-0.0,0.205319403088,-1.109424057,0.0,0.0,0.0,0.346299604815,57.4619717295
10.9,2.0953750678E7,16661.0253204,0.0,-345.8191939,1529.23352786,0.0,0.0,1.535937446,344.603140434,28110.9764475,1.6765681808E-5,0.0,32.11233451189812,0.0,0.0,-0.0455577737232,0.0,0.0,0.0,1002.93056026,9.54179942252E-4,685.564702156,418.556702013,-0.0,0.206953508492,-1.13057504026,0.0,0.0,0.0,0.349254644243,58.5364521907
11.0,2.09537159412E7,16813.9495827,0.0,-348.916307095,1529.25173962,0.0,0.0,1.5616739543,347.689073356,28076.3618191,1.71891816185E-5,0.0,32.112440779870376,0.0,0.0,-0.0459760046363,0.0,0.0,0.0,1003.07804459,9.55374933464E-4,686.625182901,418.679811421,-0.0,0.208582449626,-1.15195372299,0.0,0.0,0.0,0.352207407193,59.6225115739
11.1,2.09536808948E7,16966.875673,0.0,-352.011281656,1529.27009056,0.0,0.0,1.58761558478,350.772867021,28041.4387042,1.76197475768E-5,0.0,32.112547995458435,0.0,0.0,-0.0463942426154,0.0,0.0,0.0,1003.22682183,9.5658173843E-4,687.696463982,418.804018397,-0.0,0.210206125185,-1.17356098224,0.0,0.0,0.0,0.355157832461,60.7201943838
11.2,2.09536455391E7,17119.8036054,0.0,-355.104094775,1529.28858016,0.0,0.0,1.61376172551,353.85449862,28006.2073178,1.80574357179E-5,0.0,32.11265615796245,0.0,0.0,-0.0468124877168,0.0,0.0,0.0,1003.3768905,9.57800381492E-4,688.77857604,418.929322187,-0.0,0.211824433656,-1.1953977012,0.0,0.0,0.0,0.358105859815,61.8295454479
11.3,2.09536098741E7,17272.7333936,0.0,-358.194723557,1529.30720786,0.0,0.0,1.6401117535,356.93394525,27970.6678773,1.85023019087E-5,0.0,32.11276526678254,0.0,0.0,-0.0472307399962,0.0,0.0,0.0,1003.52824911,9.59030887199E-4,689.871550003,419.05572203,-0.0,0.21343727329,-1.2174647692,0.0,0.0,0.0,0.361051429957,62.9506099143
11.4,2.09535739002E7,17425.6650515,0.0,-361.283145016,1529.32597311,0.0,0.0,1.66666503466,360.011183923,27934.8206023,1.8954401845E-5,0.0,32.11287532131889,0.0,0.0,-0.0476489995094,0.0,0.0,0.0,1003.68089614,9.60273280308E-4,690.975417084,419.183217155,-0.0,0.215044542071,-1.23976308164,0.0,0.0,0.0,0.363994484481,64.0834332483
11.5,2.09535376175E7,17578.5985928,0.0,-364.369336077,1529.34487536,0.0,0.0,1.69342092376,363.086191559,27898.6657149,1.94137910481E-5,0.0,32.11298632067163,0.0,0.0,-0.0480672663118,0.0,0.0,0.0,1003.83483009,9.61527585782E-4,692.090208777,419.311806783,-0.0,0.216646137685,-1.26229353994,0.0,0.0,0.0,0.366934965836,65.2280612295
11.6,2.09535010264E7,17731.5340312,0.0,-367.453273575,1529.36391402,0.0,0.0,1.72037876443,366.158944987,27862.2034392,1.98805248618E-5,0.0,32.11309826444091,0.0,0.0,-0.0484855404588,0.0,0.0,0.0,1003.99004942,9.62793828792E-4,693.215956865,419.44149013,-0.0,0.218241957495,-1.28505705148,0.0,0.0,0.0,0.36987281729,66.3845399491
11.7,2.0953464127E7,17884.4713802,0.0,-370.534934252,1529.38308852,0.0,0.0,1.7475378891,369.229420947,27825.4340018,2.03546584498E-5,0.0,32.113211151826896,0.0,0.0,-0.0489038220057,0.0,0.0,0.0,1004.14655259,9.64072034714E-4,694.352693414,419.5722664,-0.0,0.219831898512,-1.30805452958,0.0,0.0,0.0,0.372807982898,67.5529158064
11.8,2.09534269195E7,18037.4106534,0.0,-373.614294762,1529.40239827,0.0,0.0,1.77489761894,372.297596086,27788.3576317,2.08362467922E-5,0.0,32.11332498202972,0.0,0.0,-0.0493221110072,0.0,0.0,0.0,1004.30433803,9.65362229131E-4,695.500450777,419.70413479,-0.0,0.221415857369,-1.33128689338,0.0,0.0,0.0,0.375740407466,68.7332355061
11.9,2.09533894042E7,18190.3518643,0.0,-376.691331661,1529.42184265,0.0,0.0,1.80245726384,375.363446958,27750.97456,2.13253446825E-5,0.0,32.11343975454955,0.0,0.0,-0.0497404075183,0.0,0.0,0.0,1004.46340416,9.6666443783E-4,696.659261588,419.837094491,-0.0,0.2229937303,-1.35475506784,0.0,0.0,0.0,0.378670036524,69.9255460547
12.0,2.09533515813E7,18343.2950264,0.0,-379.766021419,1529.44142106,0.0,0.0,1.83021612237,378.426950027,27713.2850205,2.18220067245E-5,0.0,32.11355546858653,0.0,0.0,-0.0501587115936,0.0,0.0,0.0,1004.62374941,9.67978686804E-4,697.829158771,419.971144682,-0.0,0.224565413109,-1.37845998366,0.0,0.0,0.0,0.381596816293,71.1298947575
12.1,2.09533134511E7,18496.240153,0.0,-382.838340406,1529.46113286,0.0,0.0,1.8581734817,381.48808166,27675.2892491,2.23262873296E-5,0.0,32.11367212354083,0.0,0.0,-0.0505770232874,0.0,0.0,0.0,1004.78537217,9.69305002249E-4,699.010175533,420.106284537,-0.0,0.226130801157,-1.40240257722,0.0,0.0,0.0,0.384520693661,72.3463292154
12.2,2.09532750137E7,18649.1872574,0.0,-385.908264903,1529.48097743,0.0,0.0,1.8863286176,384.546818132,27636.987484,2.28382407129E-5,0.0,32.1137897185126,0.0,0.0,-0.050995342654,0.0,0.0,0.0,1004.94827081,9.70643410567E-4,700.202345366,420.242513219,-0.0,0.227689789329,-1.42658379052,0.0,0.0,0.0,0.387441616151,73.5748973212
12.3,2.09532362695E7,18802.1363529,0.0,-388.975771093,1529.50095411,0.0,0.0,1.91468079432,387.603135625,27598.3799661,2.33579208909E-5,0.0,32.113908252802005,0.0,0.0,-0.0514136697474,0.0,0.0,0.0,1005.11244373,9.71993938361E-4,701.405702047,420.379829885,-0.0,0.229242272021,-1.4510045711,0.0,0.0,0.0,0.3903595319,74.8156472565
12.4,2.09531972186E7,18955.0874526,0.0,-392.040835067,1529.52106226,0.0,0.0,1.94322926459,390.657010222,27559.4669383,2.38853816776E-5,0.0,32.11402772580919,0.0,0.0,-0.0518320046215,0.0,0.0,0.0,1005.27788926,9.73356612437E-4,702.62027964,420.518233681,-0.0,0.230788143116,-1.47566587201,0.0,0.0,0.0,0.393274389633,76.0686274881
12.5,2.09531578614E7,19108.0405697,0.0,-395.103432818,1529.5413012,0.0,0.0,1.97197326956,393.708417914,27520.2486463,2.44206766821E-5,0.0,32.11414813673432,0.0,0.0,-0.0522503473297,0.0,0.0,0.0,1005.44460576,9.74731459806E-4,703.846112493,420.657723747,-0.0,0.232327295965,-1.50056865172,0.0,0.0,0.0,0.39618613864,77.3338867648
12.6,2.0953118198E7,19260.9957172,0.0,-398.163540243,1529.56167025,0.0,0.0,2.00091203871,396.757334594,27480.7253378,2.49638593047E-5,0.0,32.11426948487756,0.0,0.0,-0.0526686979255,0.0,0.0,0.0,1005.61259154,9.76118507677E-4,705.08323524,420.798299214,-0.0,0.233859623366,-1.52571387405,0.0,0.0,0.0,0.399094728753,78.6114741131
12.7,2.09530782288E7,19413.952908,0.0,-401.221133144,1529.58216873,0.0,0.0,2.03004478979,399.803736059,27440.8972632,2.55149827342E-5,0.0,32.11439176933908,0.0,0.0,-0.0530870564622,0.0,0.0,0.0,1005.78184494,9.77517783464E-4,706.3316828,420.939959203,-0.0,0.23538501755,-1.55110250813,0.0,0.0,0.0,0.402000110327,79.9014388342
12.8,2.09530379539E7,19566.9121552,0.0,-404.276187223,1529.60279594,0.0,0.0,2.05937072879,402.847598008,27400.7646752,2.60740999447E-5,0.0,32.11451498951902,0.0,0.0,-0.0535054229926,0.0,0.0,0.0,1005.95236424,9.78929314778E-4,707.591490378,421.082702828,-0.0,0.236903370158,-1.57673552829,0.0,0.0,0.0,0.404902234217,81.2038305002
12.9,2.09529973736E7,19719.8734715,0.0,-407.328678088,1529.62355117,0.0,0.0,2.08888904986,405.888896043,27360.3278291,2.66412636918E-5,0.0,32.11463914461758,0.0,0.0,-0.0539237975696,0.0,0.0,0.0,1006.12414774,9.80353129432E-4,708.862693465,421.226529193,-0.0,0.238414572227,-1.60261391401,0.0,0.0,0.0,0.40780105176,82.51869895
13.0,2.09529564882E7,19872.8368697,0.0,-410.378581244,1529.64443369,0.0,0.0,2.11859893523,408.927605668,27319.5869823,2.721652651E-5,0.0,32.11476423383489,0.0,0.0,-0.0543421802456,0.0,0.0,0.0,1006.29719371,9.8178925544E-4,710.145327836,421.371437396,-0.0,0.239918514173,-1.62873864986,0.0,0.0,0.0,0.410696514757,83.8460942858
13.1,2.0952915298E7,20025.8023624,0.0,-413.425872102,1529.66544277,0.0,0.0,2.14849955517,411.963702288,27278.542395,2.77999407093E-5,0.0,32.11489025627113,0.0,0.0,-0.0547605710731,0.0,0.0,0.0,1006.47150041,9.83237721012E-4,711.439429552,421.517426523,-0.0,0.241415085775,-1.6551107254,0.0,0.0,0.0,0.413588575455,85.1860668692
13.2,2.09528738032E7,20178.7699624,0.0,-416.47052597,1529.68657768,0.0,0.0,2.17859006788,414.997161207,27237.1943298,2.83915583716E-5,0.0,32.11501721132648,0.0,0.0,-0.0551789701039,0.0,0.0,0.0,1006.64706608,9.84698554559E-4,712.745034959,421.664495654,-0.0,0.242904176158,-1.68173113512,0.0,0.0,0.0,0.416477186531,86.5386673169
13.3,2.0952832004E7,20331.7396821,0.0,-419.512518059,1529.70783765,0.0,0.0,2.20886961946,418.027957633,27195.5430515,2.89914313478E-5,0.0,32.11514509820109,0.0,0.0,-0.0555973773901,0.0,0.0,0.0,1006.82388895,9.86171784688E-4,714.06218069,421.812643859,-0.0,0.24438567378,-1.70860087836,0.0,0.0,0.0,0.419362301072,87.9039464971
13.4,2.09527899007E7,20484.7115341,0.0,-422.551823477,1529.72922193,0.0,0.0,2.23933734382,421.056066671,27153.5888278,2.95996112541E-5,0.0,32.115273915895145,0.0,0.0,-0.0560157929833,0.0,0.0,0.0,1007.00196725,9.87657440203E-4,715.390903662,421.961870199,-0.0,0.245859466417,-1.73572095923,0.0,0.0,0.0,0.422243872566,89.2819555252
13.5,2.09527474937E7,20637.6855306,0.0,-425.588417233,1529.75072972,0.0,0.0,2.2699923626,424.081463325,27111.3319286,3.0216149469E-5,0.0,32.11540366380879,0.0,0.0,-0.0564342169347,0.0,0.0,0.0,1007.18129918,9.89155550107E-4,716.731241078,422.112173726,-0.0,0.247325441148,-1.76309238653,0.0,0.0,0.0,0.425121854882,90.6727457598
13.6,2.09527047832E7,20790.6616841,0.0,-428.622274235,1529.77236026,0.0,0.0,2.30083378511,427.104122499,27068.7726264,3.08410971297E-5,0.0,32.11553434094223,0.0,0.0,-0.0568526492956,0.0,0.0,0.0,1007.36188293,9.90666143597E-4,718.083230426,422.263553486,-0.0,0.248783484343,-1.79071617367,0.0,0.0,0.0,0.427996202256,92.0763687982
13.7,2.09526617693E7,20943.6400068,0.0,-431.653369289,1529.79411272,0.0,0.0,2.33186070823,430.124018996,27025.9111962,3.14745051289E-5,0.0,32.11566594659562,0.0,0.0,-0.0572710901168,0.0,0.0,0.0,1007.54371667,9.92189250066E-4,719.446909479,422.416008513,-0.0,0.250233481648,-1.8185933386,0.0,0.0,0.0,0.430866869282,93.4928764725
13.8,2.09526184526E7,21096.6205107,0.0,-434.681677099,1529.81598632,0.0,0.0,2.36307221637,433.141127516,26982.7479155,3.21164241113E-5,0.0,32.11579847996913,0.0,0.0,-0.057689539449,0.0,0.0,0.0,1007.72679857,9.937248991E-4,720.822316296,422.569537832,-0.0,0.251675317975,-1.84672490371,0.0,0.0,0.0,0.433733810893,94.9223208448
13.9,2.09525748331E7,21249.603208,0.0,-437.707172265,1529.83798021,0.0,0.0,2.39446738134,436.155422656,26939.2830645,3.276690447E-5,0.0,32.115931940062936,0.0,0.0,-0.0581079973426,0.0,0.0,0.0,1007.91112677,9.95273120482E-4,722.20948922,422.724140462,-0.0,0.253108877487,-1.87511189572,0.0,0.0,0.0,0.436596982355,96.3647542033
14.0,2.09525309112E7,21402.5881107,0.0,-440.729829287,1529.86009357,0.0,0.0,2.42604526231,439.166878912,26895.5169256,3.34259963435E-5,0.0,32.116066326077224,0.0,0.0,-0.0585264638477,0.0,0.0,0.0,1008.09669941,9.96833944186E-4,723.608466881,422.879815409,-0.0,0.254534043587,-1.90375534567,0.0,0.0,0.0,0.439456339249,97.8202290575
14.1,2.09524866872E7,21555.5752307,0.0,-443.749622558,1529.88232555,0.0,0.0,2.45780490573,442.175470673,26851.4497842,3.40937496117E-5,0.0,32.11620163731216,0.0,0.0,-0.0589449390142,0.0,0.0,0.0,1008.28351461,9.9840740038E-4,725.019288192,423.036561674,-0.0,0.255950698908,-1.93265628875,0.0,0.0,0.0,0.442311837462,99.2887981336
14.2,2.09524421614E7,21708.5645798,0.0,-446.76652637,1529.9046753,0.0,0.0,2.4897453452,445.181172229,26807.0819278,3.47702138929E-5,0.0,32.11633787266792,0.0,0.0,-0.0593634228917,0.0,0.0,0.0,1008.47157047,9.99993519422E-4,726.441992351,423.194378246,-0.0,0.257358725301,-1.96181576426,0.0,0.0,0.0,0.445163433179,100.77051437
14.3,2.0952397334E7,21861.5561697,0.0,-449.78051491,1529.92714194,0.0,0.0,2.52186560146,448.183957763,26762.4136469,3.54554385398E-5,0.0,32.11647503144469,0.0,0.0,-0.0597819155296,0.0,0.0,0.0,1008.66086509,0.00100159233187,727.876618843,423.353264107,-0.0,0.258758003823,-1.99123481549,0.0,0.0,0.0,0.448011082867,102.265430912
14.4,2.09523522054E7,22014.550012,0.0,-452.79156226,1529.9497246,0.0,0.0,2.55416468222,451.183801353,26717.4452344,3.61494726366E-5,0.0,32.116613112642646,0.0,0.0,-0.0602004169769,0.0,0.0,0.0,1008.85139654,0.00100320386845,729.323207435,423.513218227,-0.0,0.260148414728,-2.02091448964,0.0,0.0,0.0,0.450854743269,103.77360111
14.5,2.09523067758E7,22167.5461184,0.0,-455.799642398,1529.97242237,0.0,0.0,2.58664158215,454.180676973,26672.1769856,3.68523649946E-5,0.0,32.11675211546196,0.0,0.0,-0.0606189272825,0.0,0.0,0.0,1009.04316289,0.0010048281601,730.78179818,423.674239571,-0.0,0.261529837457,-2.05085583776,0.0,0.0,0.0,0.453694371393,105.295078509
14.6,2.09522610456E7,22320.5445003,0.0,-458.804729194,1529.99523436,0.0,0.0,2.61929528274,457.174558492,26626.6091988,3.75641641495E-5,0.0,32.116892039002835,0.0,0.0,-0.0610374464949,0.0,0.0,0.0,1009.23616219,0.00100646523795,732.252431415,423.836327091,-0.0,0.262902150627,-2.08105991457,0.0,0.0,0.0,0.456529924504,106.829916848
14.7,2.0952215015E7,22473.5451691,0.0,-461.806796415,1530.01815964,0.0,0.0,2.65212475225,460.165419672,26580.7421746,3.82849183569E-5,0.0,32.11703288226543,0.0,0.0,-0.0614559746623,0.0,0.0,0.0,1009.43039248,0.0010081151333,733.735147762,423.999479732,-0.0,0.264265232023,-2.11152777844,0.0,0.0,0.0,0.459361360112,108.378170056
14.8,2.09521686843E7,22626.548136,0.0,-464.805817722,1530.04119729,0.0,0.0,2.6851289456,463.153234172,26534.5762164,3.90146755896E-5,0.0,32.11717464434993,0.0,0.0,-0.0618745118327,0.0,0.0,0.0,1009.62585177,0.00100977787765,735.229988127,424.163696429,-0.0,0.26561895859,-2.14226049127,0.0,0.0,0.0,0.462188635966,109.939892242
14.9,2.09521220539E7,22779.5534122,0.0,-467.801766667,1530.06434636,0.0,0.0,2.71830680428,466.13797554,26488.1116302,3.97534835331E-5,0.0,32.11731732445652,0.0,0.0,-0.0622930580539,0.0,0.0,0.0,1009.82253808,0.00101145350268,736.736993698,424.328976106,-0.0,0.266963206421,-2.17325911838,0.0,0.0,0.0,0.465011710047,111.515137695
15.0,2.09520751241E7,22932.5610089,0.0,-470.794616698,1530.0876059,0.0,0.0,2.75165725625,469.119617221,26441.3487246,4.05013895824E-5,0.0,32.117460921585405,0.0,0.0,-0.0627116133732,0.0,0.0,0.0,1010.0204494,0.00101314204025,738.25620595,424.495317682,-0.0,0.268297850751,-2.2045247284,0.0,0.0,0.0,0.467830540557,113.103960875
15.1,2.09520278951E7,23085.5709371,0.0,-473.784341153,1530.11097494,0.0,0.0,2.7851792159,472.098132551,26394.2878109,4.12584408384E-5,0.0,32.11760543483675,0.0,0.0,-0.0631301778377,0.0,0.0,0.0,1010.2195837,0.00101484352243,739.787666639,424.662720062,-0.0,0.269622765947,-2.23605839319,0.0,0.0,0.0,0.470645085913,114.706416411
15.2,2.09519803673E7,23238.5832075,0.0,-476.770913266,1530.1344525,0.0,0.0,2.81887158388,475.073494759,26346.9292032,4.20246841036E-5,0.0,32.117750863110736,0.0,0.0,-0.0635487514942,0.0,0.0,0.0,1010.41993896,0.00101655798145,741.331417807,424.831182144,-0.0,0.270937825502,-2.26786118773,0.0,0.0,0.0,0.47345530474,116.322559092
15.3,2.0951932541E7,23391.5978312,0.0,-479.754306161,1530.15803759,0.0,0.0,2.85273324706,478.045676968,26299.273218,4.28001658789E-5,0.0,32.11789720560756,0.0,0.0,-0.0639673343892,0.0,0.0,0.0,1010.62151313,0.00101828544974,742.887501778,425.000702817,-0.0,0.272242902029,-2.29993419,0.0,0.0,0.0,0.476261155864,117.952443866
15.4,2.09518844165E7,23544.6148186,0.0,-482.734492854,1530.1817292,0.0,0.0,2.88676307844,481.01465219,26251.3201747,4.35849323596E-5,0.0,32.118044461327415,0.0,0.0,-0.0643859265689,0.0,0.0,0.0,1010.82430414,0.00102002595989,744.455961157,425.171280958,-0.0,0.273537867247,-2.33227848089,0.0,0.0,0.0,0.479062598305,119.596125828
15.5,2.09518359942E7,23697.6341805,0.0,-485.711446252,1530.20552632,0.0,0.0,2.92095993702,483.980393331,26203.0703954,4.43790294313E-5,0.0,32.11819262937048,0.0,0.0,-0.0648045280792,0.0,0.0,0.0,1011.02830992,0.00102177954471,746.036838835,425.342915436,-0.0,0.274822591983,-2.36489514407,0.0,0.0,0.0,0.48185959127,121.253660223
15.6,2.09517872744E7,23850.6559274,0.0,-488.685139157,1530.2294279,0.0,0.0,2.95532266773,486.942873187,26154.5242047,4.51825026669E-5,0.0,32.11834170863695,0.0,0.0,-0.0652231389656,0.0,0.0,0.0,1011.23352838,0.00102354623714,747.630177985,425.515605112,-0.0,0.276096946156,-2.39778526589,0.0,0.0,0.0,0.484652094149,122.925102433
15.7,2.09517382573E7,24003.6800695,0.0,-491.655544258,1530.25343292,0.0,0.0,2.98985010132,489.902064447,26105.6819303,4.59953973217E-5,0.0,32.118491698127,0.0,0.0,-0.0656417592735,0.0,0.0,0.0,1011.43995741,0.00102532607036,749.236022061,425.689348834,-0.0,0.277360798778,-2.43094993529,0.0,0.0,0.0,0.487440066508,124.610507975
15.8,2.09516889434E7,24156.7066174,0.0,-494.622634136,1530.27754031,0.0,0.0,3.02454105429,492.85793969,26056.5439024,4.68177583302E-5,0.0,32.11864259694086,0.0,0.0,-0.0660603890477,0.0,0.0,0.0,1011.64759489,0.00102711907767,750.854414801,425.864145443,-0.0,0.278614017944,-2.46439024362,0.0,0.0,0.0,0.49022346808,126.309932493
15.9,2.09516393329E7,24309.735581,0.0,-497.586381264,1530.30174899,0.0,0.0,3.05939432874,495.810471384,26007.1104538,4.76496303021E-5,0.0,32.11879440407867,0.0,0.0,-0.0664790283329,0.0,0.0,0.0,1011.85643869,0.00102892529259,752.485400223,426.039993768,-0.0,0.279856470828,-2.49810728462,0.0,0.0,0.0,0.493002258767,128.023431754
16.0,2.09515894262E7,24462.7669705,0.0,-500.546758005,1530.32605789,0.0,0.0,3.09440871233,498.75963189,25957.3819205,4.84910575179E-5,0.0,32.118947118440666,0.0,0.0,-0.0668976771734,0.0,0.0,0.0,1012.06648667,0.0010307447488,754.129022628,426.216892632,-0.0,0.281088023675,-2.53210215421,0.0,0.0,0.0,0.495776398627,129.751061641
16.1,2.09515392236E7,24615.8007959,0.0,-503.503736611,1530.35046591,0.0,0.0,3.12958297817,501.705393458,25907.3586408,4.93420839257E-5,0.0,32.11910073912701,0.0,0.0,-0.067316335613,0.0,0.0,0.0,1012.27773666,0.00103257748016,755.785326597,426.394840844,-0.0,0.282308541796,-2.56637595043,0.0,0.0,0.0,0.498545847874,131.492878148
16.2,2.09514887256E7,24768.8370669,0.0,-506.457289225,1530.37497194,0.0,0.0,3.16491588468,504.647728229,25857.040956,5.02027531365E-5,0.0,32.11925526493792,0.0,0.0,-0.0677350036954,0.0,0.0,0.0,1012.49018648,0.00103442352071,757.454356993,426.573837206,-0.0,0.283517889566,-2.60092977329,0.0,0.0,0.0,0.501310566871,133.248937372
16.3,2.09514379323E7,24921.8757935,0.0,-509.40738788,1530.39957484,0.0,0.0,3.20040617553,507.586608233,25806.4292103,5.10731084206E-5,0.0,32.119410694973574,0.0,0.0,-0.0681536814639,0.0,0.0,0.0,1012.70383396,0.00103628290465,759.13615896,426.753880508,-0.0,0.284715930412,-2.63576472466,0.0,0.0,0.0,0.504070516126,135.019295509
16.4,2.09513868442E7,25074.9169851,0.0,-512.354004497,1530.4242735,0.0,0.0,3.23605257954,510.52200539,25755.5237505,5.19531927033E-5,0.0,32.11956702823417,0.0,0.0,-0.0685723689614,0.0,0.0,0.0,1012.91867688,0.00103815566638,760.830777921,426.934969533,-0.0,0.285902526819,-2.67088190815,0.0,0.0,0.0,0.506825656288,136.804008845
16.5,2.09513354616E7,25227.9606513,0.0,-515.297110889,1530.44906674,0.0,0.0,3.27185381056,513.453891508,25704.3249262,5.28430485611E-5,0.0,32.11972426351992,0.0,0.0,-0.0689910662305,0.0,0.0,0.0,1013.13471302,0.00104004184045,762.538259581,427.11710305,-0.0,0.287077540313,-2.70628242897,0.0,0.0,0.0,0.509575948142,138.603133752
16.6,2.09512837849E7,25381.0068016,0.0,-518.236678755,1530.47395341,0.0,0.0,3.30780856737,516.382238288,25652.8330901,5.37427182172E-5,0.0,32.119882399831006,0.0,0.0,-0.0694097733134,0.0,0.0,0.0,1013.35194016,0.00104194146158,764.258649922,427.300279822,-0.0,0.288240831466,-2.74196739382,0.0,0.0,0.0,0.512321352605,140.41672668
16.7,2.09512318144E7,25534.0554451,0.0,-521.172679687,1530.49893232,0.0,0.0,3.34391553361,519.307017316,25601.0485975,5.46522435378E-5,0.0,32.12004143606762,0.0,0.0,-0.069828490252,0.0,0.0,0.0,1013.57035605,0.00104385456469,765.991995207,427.4844986,-0.0,0.28939225989,-2.77793791074,0.0,0.0,0.0,0.515061830722,142.244844152
16.8,2.09511795505E7,25687.1065911,0.0,-524.105085164,1530.52400228,0.0,0.0,3.38017337764,522.22820007,25548.9718065,5.55716660276E-5,0.0,32.12020137122998,0.0,0.0,-0.0702472170877,0.0,0.0,0.0,1013.78995843,0.00104578118483,767.738341979,427.669758125,-0.0,0.290531684231,-2.814195089,0.0,0.0,0.0,0.517797343664,144.087542754
16.9,2.09511269935E7,25840.1602485,0.0,-527.033866553,1530.54916209,0.0,0.0,3.41658075246,525.145757916,25496.6030783,5.65010268258E-5,0.0,32.12036220411827,0.0,0.0,-0.0706659538617,0.0,0.0,0.0,1014.01074501,0.00104772135724,769.497737056,427.856057128,-0.0,0.291658962165,-2.85074003894,0.0,0.0,0.0,0.52052785272,145.944879134
17.0,2.09510741438E7,25993.2164264,0.0,-529.958995111,1530.57441051,0.0,0.0,3.45313629559,528.059662109,25443.9427768,5.74403667018E-5,0.0,32.12052393373269,0.0,0.0,-0.0710847006148,0.0,0.0,0.0,1014.23271353,0.00104967511734,771.270227538,428.043394331,-0.0,0.292773950399,-2.88757387189,0.0,0.0,0.0,0.5232533193,147.81690999
17.1,2.09510210018E7,26146.2751336,0.0,-532.880441985,1530.59974632,0.0,0.0,3.489838629,530.969883793,25390.9912687,5.8389726051E-5,0.0,32.12068655887345,0.0,0.0,-0.0715034573874,0.0,0.0,0.0,1014.45586167,0.00105164250069,773.055860801,428.231768443,-0.0,0.293876504663,-2.92469769995,0.0,0.0,0.0,0.525973704924,149.703692063
17.2,2.09509675679E7,26299.3363786,0.0,-535.798178207,1530.62516826,0.0,0.0,3.52668635898,533.876393999,25337.7489237,5.93491448904E-5,0.0,32.12085007854075,0.0,0.0,-0.0719222242194,0.0,0.0,0.0,1014.68018711,0.00105362354303,774.854684498,428.421178166,-0.0,0.294966479712,-2.96211263594,0.0,0.0,0.0,0.528688971226,151.605282135
17.3,2.09509138423E7,26452.40017,0.0,-538.712174701,1530.65067507,0.0,0.0,3.56367807603,536.77916365,25284.2161145,6.03186628546E-5,0.0,32.12101449153478,0.0,0.0,-0.0723410011506,0.0,0.0,0.0,1014.90568752,0.00105561828027,776.666746558,428.611622189,-0.0,0.296043729318,-2.99981979321,0.0,0.0,0.0,0.531399079948,153.521737018
17.4,2.09508598256E7,26605.4665164,0.0,-541.622402278,1530.67626546,0.0,0.0,3.60081235479,539.678163554,25230.3932166,6.12983191912E-5,0.0,32.121179796755754,0.0,0.0,-0.0727597882202,0.0,0.0,0.0,1015.13236057,0.00105762674847,778.492095189,428.803099194,-0.0,0.297108106272,-3.03782028549,0.0,0.0,0.0,0.534103992933,155.453113546
17.5,2.0950805518E7,26758.5354259,0.0,-544.528831638,1530.70193813,0.0,0.0,3.63808775391,542.57336441,25176.2806085,6.22881527564E-5,0.0,32.121345993103866,0.0,0.0,-0.073178585467,0.0,0.0,0.0,1015.36020388,0.00105964898385,780.330778871,428.995607848,-0.0,0.298159462381,-3.07611522678,0.0,0.0,0.0,0.536803672131,157.39946857
17.6,2.09507509199E7,26911.6069067,0.0,-547.431433369,1530.72769179,0.0,0.0,3.67550281593,545.464736805,25121.8786714,6.32882020108E-5,0.0,32.121513079279325,0.0,0.0,-0.0735973929294,0.0,0.0,0.0,1015.58921509,0.00106168502282,782.182846364,429.189146813,-0.0,0.299197648463,-3.11470573121,0.0,0.0,0.0,0.539498079588,159.360858952
17.7,2.09506960318E7,27064.6809669,0.0,-550.330177948,1530.7535251,0.0,0.0,3.71305606725,548.352251213,25067.1877897,6.4298505015E-5,0.0,32.12168105428234,0.0,0.0,-0.0740162106457,0.0,0.0,0.0,1015.8193918,0.0010637349019,784.0483467,429.383714736,-0.0,0.30022251435,-3.15359291285,0.0,0.0,0.0,0.542187177447,161.337341552
17.8,2.0950640854E7,27217.7576143,0.0,-553.22503574,1530.77943671,0.0,0.0,3.75074601793,551.235878,25012.2083507,6.53190994249E-5,0.0,32.121849916813105,0.0,0.0,-0.0744350386533,0.0,0.0,0.0,1016.05073162,0.00106579865782,785.927329185,429.579310256,-0.0,0.301233908883,-3.19277788559,0.0,0.0,0.0,0.544870927947,163.328973227
17.9,2.09505853869E7,27370.8368568,0.0,-556.115976999,1530.80542529,0.0,0.0,3.78857116165,554.115587417,24956.9407447,6.63500224877E-5,0.0,32.12201966577182,0.0,0.0,-0.0748538769896,0.0,0.0,0.0,1016.28323212,0.00106787632744,787.819843399,429.775932001,-0.0,0.302231679913,-3.23226176301,0.0,0.0,0.0,0.547549293418,165.335810818
18.0,2.0950529631E7,27523.9187019,0.0,-559.002971867,1530.83148945,0.0,0.0,3.8265299756,556.991349605,24901.3853648,6.73913110367E-5,0.0,32.12219029995872,0.0,0.0,-0.0752727256914,0.0,0.0,0.0,1016.51689088,0.00106996794778,789.725939197,429.973578587,-0.0,0.303215674298,-3.27204565817,0.0,0.0,0.0,0.550222236279,167.357911146
18.1,2.09504735865E7,27677.0031572,0.0,-561.885990375,1530.85762781,0.0,0.0,3.86462092032,559.863134594,24845.5426073,6.84430014874E-5,0.0,32.12236181817397,0.0,0.0,-0.075691584795,0.0,0.0,0.0,1016.75170545,0.00107207355602,791.645666705,430.172248623,-0.0,0.304185737904,-3.31213068352,0.0,0.0,0.0,0.552889719037,169.395331003
18.2,2.09504172539E7,27830.0902299,0.0,-564.765002442,1530.88383897,0.0,0.0,3.9028424397,562.730912303,24789.4128715,6.95051298328E-5,0.0,32.12253421921782,0.0,0.0,-0.0761104543366,0.0,0.0,0.0,1016.98767338,0.00107419318948,793.579076321,430.371940704,-0.0,0.305141715604,-3.35251795071,0.0,0.0,0.0,0.555551704285,171.448127144
18.3,2.09503606336E7,27983.1799273,0.0,-567.639977877,1530.91012151,0.0,0.0,3.94119296075,565.594652539,24732.9965594,7.05777316385E-5,0.0,32.122707501790444,0.0,0.0,-0.0765293343516,0.0,0.0,0.0,1017.22479218,0.00107632688565,795.526218716,430.572653414,-0.0,0.306083451278,-3.39320857043,0.0,0.0,0.0,0.558208154699,173.516356278
18.4,2.0950303726E7,28136.2722565,0.0,-570.510886378,1530.936474,0.0,0.0,3.97967089362,568.454324998,24676.2940765,7.16608420384E-5,0.0,32.12288166489206,0.0,0.0,-0.0769482248753,0.0,0.0,0.0,1017.46305938,0.00107847468216,797.487144829,430.77438533,-0.0,0.307010787811,-3.43420365228,0.0,0.0,0.0,0.560859033037,175.60007506
18.5,2.09502465316E7,28289.3672244,0.0,-573.37769753,1530.96289498,0.0,0.0,4.01827463139,571.309899266,24619.305831,7.275449573E-5,0.0,32.12305670702289,0.0,0.0,-0.0773671259422,0.0,0.0,0.0,1017.70247246,0.00108063661681,799.461905873,430.977135015,-0.0,0.307923567095,-3.47550430457,0.0,0.0,0.0,0.563504302135,177.699340087
18.6,2.09501890506E7,28442.4648378,0.0,-576.240380808,1530.989383,0.0,0.0,4.05700255005,574.161344816,24562.0322343,7.38587269696E-5,0.0,32.12323262718312,0.0,0.0,-0.0777860375866,0.0,0.0,0.0,1017.94302891,0.00108281272752,801.450553326,431.180901023,-0.0,0.308821630032,-3.51711163419,0.0,0.0,0.0,0.566143924909,179.814207883
18.7,2.09501312836E7,28595.5651032,0.0,-579.098905577,1531.01593657,0.0,0.0,4.09585300831,577.008631014,24504.4737007,7.49735695677E-5,0.0,32.123409423972966,0.0,0.0,-0.0782049598425,0.0,0.0,0.0,1018.18472621,0.00108500305237,803.453138938,431.385681894,-0.0,0.309704816528,-3.55902674642,0.0,0.0,0.0,0.568777864351,181.944734896
18.8,2.0950073231E7,28748.6680272,0.0,-581.953241092,1531.0425542,0.0,0.0,4.13482434759,579.851727112,24446.6306478,7.60990568844E-5,0.0,32.123587096092656,0.0,0.0,-0.078623892743,0.0,0.0,0.0,1018.42756181,0.00108720762959,805.469714727,431.591476162,-0.0,0.3105729655,-3.6012507448,0.0,0.0,0.0,0.571406083528,184.090977488
18.9,2.09500148931E7,28901.7736161,0.0,-584.803356495,1531.06923437,0.0,0.0,4.17391489185,582.690602253,24388.503496,7.72352218244E-5,0.0,32.12376564244237,0.0,0.0,-0.0790428363212,0.0,0.0,0.0,1018.67153314,0.00108942649755,807.500332978,431.798282347,-0.0,0.311425914874,-3.64378473091,0.0,0.0,0.0,0.57402854558,186.252991924
19.0,2.09499562705E7,29054.8818761,0.0,-587.64922082,1531.09597555,0.0,0.0,4.21312294749,585.525225471,24330.092669,7.83820968322E-5,0.0,32.12394506152235,0.0,0.0,-0.0794617906094,0.0,0.0,0.0,1018.91663763,0.00109165969477,809.545046241,432.006098957,-0.0,0.31226350159,-3.68662980425,0.0,0.0,0.0,0.576645213719,188.430834368
19.1,2.09498973634E7,29207.9928132,0.0,-590.49080299,1531.1227762,0.0,0.0,4.25244680331,588.355565688,24271.3985937,7.95397138876E-5,0.0,32.124125352232774,0.0,0.0,-0.0798807556397,0.0,0.0,0.0,1019.1628727,0.00109390725991,811.603907333,432.214924493,-0.0,0.313085561597,-3.72978706204,0.0,0.0,0.0,0.579256051229,190.624560869
19.2,2.09498381724E7,29361.1064333,0.0,-593.32807182,1531.14963477,0.0,0.0,4.29188473031,591.181591717,24212.4216997,8.07081045006E-5,0.0,32.12430651327388,0.0,0.0,-0.0802997314435,0.0,0.0,0.0,1019.41023575,0.00109616923176,813.676969339,432.424757441,-0.0,0.313891929862,-3.77325759905,0.0,0.0,0.0,0.581861021461,192.834227357
19.3,2.09497786979E7,29514.222742,0.0,-596.160996013,1531.17654966,0.0,0.0,4.33143498165,594.003272264,24153.1624202,8.18872997064E-5,0.0,32.124488543145866,0.0,0.0,-0.0807187180519,0.0,0.0,0.0,1019.65872416,0.00109844564925,815.764285603,432.635596279,-0.0,0.314682440368,-3.81704250744,0.0,0.0,0.0,0.584460087836,195.059889632
19.4,2.09497189404E7,29667.341745,0.0,-598.989544165,1531.20351928,0.0,0.0,4.37109579255,596.820575923,24093.6211912,8.30773300608E-5,0.0,32.124671440748955,0.0,0.0,-0.0811377154955,0.0,0.0,0.0,1019.90833529,0.00110073655148,817.865909738,432.847439471,-0.0,0.315456926118,-3.86114287657,0.0,0.0,0.0,0.587053213843,197.301603354
19.5,2.09496589002E7,29820.4634477,0.0,-601.813684761,1531.23054202,0.0,0.0,4.41086538016,599.633471179,24033.7984519,8.42782256353E-5,0.0,32.12485520458335,0.0,0.0,-0.0815567238043,0.0,0.0,0.0,1020.1590665,0.00110304197763,819.981895615,433.060285471,-0.0,0.316215219136,-3.9055597928,0.0,0.0,0.0,0.589640363036,199.559424036
19.6,2.09495985778E7,29973.5878552,0.0,-604.633386179,1531.25761626,0.0,0.0,4.45074194346,602.441926411,23973.6946449,8.54900160118E-5,0.0,32.12503983344926,0.0,0.0,-0.0819757430079,0.0,0.0,0.0,1020.41091515,0.00110536196707,822.11229737,433.274132724,-0.0,0.316957150473,-3.95029433936,0.0,0.0,0.0,0.592221499034,201.833407032
19.7,2.09495379737E7,30126.7149726,0.0,-607.448616689,1531.28474035,0.0,0.0,4.49072366319,605.245909888,23913.3102157,8.67127302778E-5,0.0,32.1252253259469,0.0,0.0,-0.0823947731354,0.0,0.0,0.0,1020.66387854,0.00110769655928,824.257169398,433.488979661,-0.0,0.317682550206,-3.99534759613,0.0,0.0,0.0,0.59479658552,204.123607531
19.8,2.09494770882E7,30279.8448048,0.0,-610.259344451,1531.31191262,0.0,0.0,4.53080870169,608.045389771,23852.6456131,8.79463970215E-5,0.0,32.1254116806765,0.0,0.0,-0.0828138142154,0.0,0.0,0.0,1020.91795399,0.00111004579385,826.416566356,433.704824701,-0.0,0.318391247446,-4.04072063946,0.0,0.0,0.0,0.597365586243,206.430080546
19.9,2.09494159219E7,30432.9773567,0.0,-613.065537519,1531.33913139,0.0,0.0,4.57099520287,610.840334115,23791.7012889,8.91910443267E-5,0.0,32.125598896338246,0.0,0.0,-0.0832328662759,0.0,0.0,0.0,1021.17313881,0.00111240971054,828.590543159,433.921666256,-0.0,0.319083070337,-4.08641454198,0.0,0.0,0.0,0.59992846501,208.752880905
20.0,2.09493544753E7,30586.1126326,0.0,-615.86716384,1531.36639497,0.0,0.0,4.61128129205,613.630710866,23730.4776985,9.04466997674E-5,0.0,32.12578697153238,0.0,0.0,-0.0836519293446,0.0,0.0,0.0,1021.42943027,0.00111478834922,830.779154981,434.139502722,-0.0,0.319757846065,-4.13243037245,0.0,0.0,0.0,0.602485185695,211.092063238
20.1,2.09492927487E7,30739.2506371,0.0,-618.664191253,1531.39370165,0.0,0.0,4.65166507589,616.416487864,23668.9753001,9.17133904033E-5,0.0,32.12597590495909,0.0,0.0,-0.0840710034484,0.0,0.0,0.0,1021.68682565,0.00111718174988,832.982457253,434.358332487,-0.0,0.320415400857,-4.1787691955,0.0,0.0,0.0,0.60503571223,213.447681975
20.2,2.09492307426E7,30892.3913743,0.0,-621.456587492,1531.42104969,0.0,0.0,4.6921446423,619.197632844,23607.1945553,9.29911427742E-5,0.0,32.12616569501861,0.0,0.0,-0.084490088614,0.0,0.0,0.0,1021.9453222,0.00111958995264,835.200505662,434.578153925,-0.0,0.321055559989,-4.22543207152,0.0,0.0,0.0,0.607580008607,215.819791328
20.3,2.09491684575E7,31045.5348483,0.0,-624.244320183,1531.44843734,0.0,0.0,4.7327180603,621.974113432,23545.135929,9.42799828951E-5,0.0,32.12635634041114,0.0,0.0,-0.0849091848674,0.0,0.0,0.0,1022.20491716,0.00112201299777,837.43335615,434.798965401,-0.0,0.32167814779,-4.27242005639,0.0,0.0,0.0,0.610118038882,218.208445287
20.4,2.09491058939E7,31198.681063,0.0,-627.027356849,1531.47586283,0.0,0.0,4.77338337995,624.745897153,23482.7998892,9.55799362508E-5,0.0,32.1265478398369,0.0,0.0,-0.085328292234,0.0,0.0,0.0,1022.46560776,0.00112445092561,839.681064915,435.020765266,-0.0,0.322282987646,-4.31973420134,0.0,0.0,0.0,0.612649767166,220.613697607
20.5,2.09490430522E7,31351.8300221,0.0,-629.805664907,1531.50332439,0.0,0.0,4.81413863226,627.512951424,23420.1869072,9.6891027791E-5,0.0,32.126740191696115,0.0,0.0,-0.0857474107387,0.0,0.0,0.0,1022.72739121,0.00112690377668,841.943688407,435.24355186,-0.0,0.322869902006,-4.36737555272,0.0,0.0,0.0,0.615175157632,223.035601798
20.6,2.09489799329E7,31504.9817291,0.0,-632.579211668,1531.5308202,0.0,0.0,4.85498182908,630.275243557,23357.2974576,9.82132819247E-5,0.0,32.12693339458899,0.0,0.0,-0.0861665404061,0.0,0.0,0.0,1022.99026471,0.00112937159157,844.221283328,435.467323514,-0.0,0.323438712387,-4.41534515183,0.0,0.0,0.0,0.617694174509,225.474211118
20.7,2.09489165365E7,31658.1361872,0.0,-635.347964342,1531.55834845,0.0,0.0,4.89591096299,633.032740762,23294.1320183,9.95467225154E-5,0.0,32.127127447215734,0.0,0.0,-0.0865856812599,0.0,0.0,0.0,1023.25422544,0.00113185441101,846.513906633,435.692078545,-0.0,0.323989239382,-4.46364403467,0.0,0.0,0.0,0.620206782088,227.929578558
20.8,2.09488528635E7,31811.2933998,0.0,-638.111890032,1531.5859073,0.0,0.0,4.93692400722,635.785410145,23230.6910704,1.00891372875E-4,0.0,32.12732234787658,0.0,0.0,-0.0870048333235,0.0,0.0,0.0,1023.51927058,0.00113435227585,848.821615525,435.917815258,-0.0,0.324521302663,-4.51227323181,0.0,0.0,0.0,0.622712944715,230.401756837
20.9,2.09487889143E7,31964.4533697,0.0,-640.87095574,1531.61349489,0.0,0.0,4.97801891555,638.53321871,23166.9750983,1.0224725576E-4,0.0,32.12751809537172,0.0,0.0,-0.0874239966196,0.0,0.0,0.0,1023.78539728,0.00113686522704,851.144467457,436.144531948,-0.0,0.325034720989,-4.56123376811,0.0,0.0,0.0,0.625212626794,232.890798385
21.0,2.09487246894E7,32117.6160996,0.0,-643.625128367,1531.64110935,0.0,0.0,5.01919362224,641.276133357,23102.9845898,1.03614393365E-4,0.0,32.12771468800139,0.0,0.0,-0.0878431711704,0.0,0.0,0.0,1024.05260268,0.00113939330566,853.482520129,436.372226897,-0.0,0.325529312211,-4.61052666258,0.0,0.0,0.0,0.627705792787,235.39675534
21.1,2.09486601894E7,32270.7815924,0.0,-646.374374709,1531.66874878,0.0,0.0,5.06044604189,644.014120885,23038.7200359,1.04992807316E-4,0.0,32.12791212436579,0.0,0.0,-0.0882623569976,0.0,0.0,0.0,1024.3208839,0.00114193655289,855.835831489,436.600898376,-0.0,0.326004893282,-4.66015292812,0.0,0.0,0.0,0.630192407214,237.919679533
21.2,2.09485954147E7,32423.9498502,0.0,-649.118661464,1531.69641128,0.0,0.0,5.10177406936,646.747147993,22974.1819309,1.06382518668E-4,0.0,32.12811040306515,0.0,0.0,-0.0886815541222,0.0,0.0,0.0,1024.59023807,0.00114449501001,858.204459731,436.830544644,-0.0,0.326461280263,-4.71011357132,0.0,0.0,0.0,0.632672434651,240.459622476
21.3,2.09485303659E7,32577.1208753,0.0,-651.857955227,1531.72409492,0.0,0.0,5.14317557971,649.475181278,22909.3707727,1.07783547898E-4,0.0,32.12830952249968,0.0,0.0,-0.0891007625646,0.0,0.0,0.0,1024.86066228,0.00114706871842,860.588463289,437.061163947,-0.0,0.326898288328,-4.7604095923,0.0,0.0,0.0,0.635145839731,243.016635356
21.4,2.09484650433E7,32730.2946698,0.0,-654.592222496,1531.75179773,0.0,0.0,5.18464842807,652.198187239,22844.2870623,1.091959149E-4,0.0,32.128509481069585,0.0,0.0,-0.0895199823448,0.0,0.0,0.0,1025.13215361,0.00114965771963,862.987900845,437.292754521,-0.0,0.327315731776,-4.81104198441,0.0,0.0,0.0,0.637612587146,245.59076902
21.5,2.09483994476E7,32883.4712354,0.0,-657.321429666,1531.77951777,0.0,0.0,5.22619044957,654.916132274,22778.931304,1.10619638978E-4,0.0,32.128710277375106,0.0,0.0,-0.0899392134821,0.0,0.0,0.0,1025.40470914,0.00115226205523,865.402831319,437.525314589,-0.0,0.327713424033,-4.8620117341,0.0,0.0,0.0,0.640072641641,248.182073966
21.6,2.09483335792E7,33036.6505739,0.0,-660.045543038,1531.80725304,0.0,0.0,5.26779945924,657.628982685,22713.3040056,1.12054738843E-4,0.0,32.128911909916425,0.0,0.0,-0.0903584559952,0.0,0.0,0.0,1025.67832592,0.00115488176694,867.833313875,437.758842362,-0.0,0.328091177669,-4.91331982064,0.0,0.0,0.0,0.642525968023,250.790600331
21.7,2.09482674386E7,33189.8326865,0.0,-662.764528811,1531.83500154,0.0,0.0,5.30947325193,660.336704674,22647.4056784,1.13501232606E-4,0.0,32.12911437699379,0.0,0.0,-0.0907777099022,0.0,0.0,0.0,1025.95300099,0.00115751689657,870.279407914,437.993336041,-0.0,0.328448804398,-4.96496721593,0.0,0.0,0.0,0.644972531152,253.416397882
21.8,2.09482010265E7,33343.0175745,0.0,-665.47835309,1531.86276125,0.0,0.0,5.35120960222,663.039264349,22581.2368368,1.14959137772E-4,0.0,32.12931767720739,0.0,0.0,-0.0911969752206,0.0,0.0,0.0,1026.22873138,0.00116016748601,872.741173073,438.228793811,-0.0,0.328786115093,-5.01695488428,0.0,0.0,0.0,0.647412295947,256.059516002
21.9,2.09481343431E7,33496.205239,0.0,-668.186981883,1531.89053012,0.0,0.0,5.39300626431,665.736627718,22514.7979987,1.16428471235E-4,0.0,32.12952180885746,0.0,0.0,-0.0916162519673,0.0,0.0,0.0,1026.50551411,0.00116283357727,875.21866923,438.465213849,-0.0,0.329102919791,-5.06928378218,0.0,0.0,0.0,0.649845227386,258.720003681
22.0,2.09480673892E7,33649.3956808,0.0,-670.890381102,1531.91830609,0.0,0.0,5.43486097198,668.428760697,22448.0896856,1.17909249273E-4,0.0,32.12972677034421,0.0,0.0,-0.0920355401586,0.0,0.0,0.0,1026.78334617,0.00116551521245,877.711956493,438.702594318,-0.0,0.329399027708,-5.12195485809,0.0,0.0,0.0,0.652271290502,261.397909501
22.1,2.09480001652E7,33802.5889004,0.0,-673.588516565,1531.94608709,0.0,0.0,5.47677143845,671.115629107,22381.1124221,1.19401487543E-4,0.0,32.129932560267854,0.0,0.0,-0.0924548398101,0.0,0.0,0.0,1027.06222455,0.00116821243372,880.221095208,438.940933368,-0.0,0.329674247241,-5.17496905219,0.0,0.0,0.0,0.654690450386,264.09328163
22.2,2.09479326717E7,33955.7848983,0.0,-676.281353997,1531.97387101,0.0,0.0,5.51873535635,673.797198673,22313.8667364,1.20905201072E-4,0.0,32.1301391769286,0.0,0.0,-0.0928741509368,0.0,0.0,0.0,1027.34214622,0.00117092528337,882.74614595,439.180229139,-0.0,0.329928385986,-5.22832729618,0.0,0.0,0.0,0.657102672189,266.806167808
22.3,2.09478649092E7,34108.9836747,0.0,-678.968859027,1532.00165573,0.0,0.0,5.5607503976,676.473435031,22246.3531601,1.22420404255E-4,0.0,32.13034661862667,0.0,0.0,-0.0932934735532,0.0,0.0,0.0,1027.62310814,0.00117365380377,885.287169527,439.420479757,-0.0,0.330161250744,-5.28203051303,0.0,0.0,0.0,0.659507921119,269.536615331
22.4,2.09477968781E7,34262.1852294,0.0,-681.650997197,1532.02943912,0.0,0.0,5.60281421335,679.144303722,22178.5722283,1.23947110849E-4,0.0,32.13055488386228,0.0,0.0,-0.093712807673,0.0,0.0,0.0,1027.90510725,0.00117639803736,887.844226974,439.661683337,-0.0,0.330372647531,-5.33607961675,0.0,0.0,0.0,0.661906162444,272.284671048
22.5,2.09477285791E7,34415.3895624,0.0,-684.327733953,1532.05721901,0.0,0.0,5.64492443386,681.809770197,22110.5244795,1.25485333963E-4,0.0,32.13076397093565,0.0,0.0,-0.0941321533094,0.0,0.0,0.0,1028.18814048,0.00117915802668,890.417379556,439.903837981,-0.0,0.330562381594,-5.3904755122,0.0,0.0,0.0,0.664297361489,275.050381342
22.6,2.09476600128E7,34568.596673,0.0,-686.999034654,1532.08499324,0.0,0.0,5.68707866848,684.469799817,22042.2104555,1.27035086059E-4,0.0,32.13097387834698,0.0,0.0,-0.0945515104747,0.0,0.0,0.0,1028.47220474,0.00118193381435,893.006688763,440.146941779,-0.0,0.330730257418,-5.4452190948,0.0,0.0,0.0,0.666681483641,277.83379212
22.7,2.09475911795E7,34721.8065607,0.0,-689.664864568,1532.1127596,0.0,0.0,5.72927450553,687.124357855,21973.6307019,1.28596378941E-4,0.0,32.13118460419649,0.0,0.0,-0.0949708791808,0.0,0.0,0.0,1028.75729694,0.00118472544306,895.612216309,440.390992809,-0.0,0.330876078737,-5.50031125031,0.0,0.0,0.0,0.669058494345,280.634948804
22.8,2.094752208E7,34875.0192246,0.0,-692.325188875,1532.14051588,0.0,0.0,5.77150951224,689.773409494,21904.7857675,1.3016922375E-4,0.0,32.1313961469844,0.0,0.0,-0.0953902594388,0.0,0.0,0.0,1029.04341396,0.00118753295559,898.234024133,440.635989136,-0.0,0.330999648552,-5.55575285462,0.0,0.0,0.0,0.671428359109,283.453896315
22.9,2.09474527147E7,35028.2346635,0.0,-694.97997267,1532.16825984,0.0,0.0,5.81378123467,692.41691983,21835.6762047,1.31753630962E-4,0.0,32.13160850501092,0.0,0.0,-0.0958096512593,0.0,0.0,0.0,1029.33055267,0.0011903563948,900.872174392,440.881928813,-0.0,0.331100769135,-5.61154477348,0.0,0.0,0.0,0.673791043499,286.290679062
23.0,2.09473830842E7,35181.4528761,0.0,-697.629180958,1532.19598923,0.0,0.0,5.85608719762,695.054853875,21766.3025694,1.33349610377E-4,0.0,32.13182167667625,0.0,0.0,-0.0962290546519,0.0,0.0,0.0,1029.61870993,0.00119319580361,903.526729467,441.12880988,-0.0,0.331179242048,-5.6676878623,0.0,0.0,0.0,0.676146513145,289.145340933
23.1,2.0947313189E7,35334.6738608,0.0,-700.272778662,1532.22370176,0.0,0.0,5.89842490458,697.687176553,21696.6654209,1.34957171116E-4,0.0,32.132035660080625,0.0,0.0,-0.0966484696259,0.0,0.0,0.0,1029.90788259,0.00119605122501,906.197751955,441.376630366,-0.0,0.331234868156,-5.72418296585,0.0,0.0,0.0,0.678494733738,292.017925276
23.2,2.09472430298E7,35487.8976158,0.0,-702.91073062,1532.25139516,0.0,0.0,5.94079183767,700.313852706,21626.7653223,1.36576321616E-4,0.0,32.132250453724254,0.0,0.0,-0.0970678961896,0.0,0.0,0.0,1030.19806748,0.00119892270207,908.885304668,441.625388286,-0.0,0.331267447634,-5.78103091808,0.0,0.0,0.0,0.680835671033,294.908474895
23.3,2.09471726071E7,35641.1241391,0.0,-705.543001585,1532.27906709,0.0,0.0,5.98318545753,702.934847094,21556.6028398,1.38207069621E-4,0.0,32.13246605580734,0.0,0.0,-0.0974873343508,0.0,0.0,0.0,1030.48926141,0.00120181027793,911.589450634,441.875081643,-0.0,0.331276779989,-5.83823254181,0.0,0.0,0.0,0.683169290847,297.81703203
23.4,2.09471019214E7,35794.3534284,0.0,-708.169556231,1532.30671522,0.0,0.0,6.02560320327,705.550124392,21486.1785434,1.3984942218E-4,0.0,32.132682464530106,0.0,0.0,-0.0979067841166,0.0,0.0,0.0,1030.78146118,0.00120471399579,914.310253095,442.125708428,-0.0,0.331262664067,-5.89578864855,0.0,0.0,0.0,0.685495559061,300.74363835
23.5,2.09470309733E7,35947.5854813,0.0,-710.790359149,1532.3343372,0.0,0.0,6.06804249242,708.159649197,21415.4930067,1.41503385637E-4,0.0,32.13289967829275,0.0,0.0,-0.0983262454933,0.0,0.0,0.0,1031.07466359,0.0012076338989,917.047775503,442.377266618,-0.0,0.331224898072,-5.95370003823,0.0,0.0,0.0,0.687814441623,303.688334937
23.6,2.09469597635E7,36100.8202949,0.0,-713.405374853,1532.36193065,0.0,0.0,6.11050072083,710.763386026,21344.5468065,1.43168965628E-4,0.0,32.13311769519549,0.0,0.0,-0.0987457184865,0.0,0.0,0.0,1031.36886541,0.00121057003059,919.802081519,442.629754179,-0.0,0.331163279577,-6.01196749892,0.0,0.0,0.0,0.690125904545,306.651162276
23.7,2.09468882925E7,36254.0578664,0.0,-716.014567776,1532.38949317,0.0,0.0,6.15297526266,713.361299317,21273.3405236,1.44846167074E-4,0.0,32.13333651363854,0.0,0.0,-0.0991652031012,0.0,0.0,0.0,1031.66406339,0.00121352243424,922.573235012,442.883169064,-0.0,0.331077605542,-6.07059180661,0.0,0.0,0.0,0.692429913905,309.632160238
23.8,2.09468165608E7,36407.2981924,0.0,-718.617902275,1532.41702235,0.0,0.0,6.19546347025,715.953353432,21201.874742,1.46534994176E-4,0.0,32.1335561317221,0.0,0.0,-0.0995846993415,0.0,0.0,0.0,1031.9602543,0.00121649115329,925.361300056,443.137509212,-0.0,0.330967672329,-6.12957372498,0.0,0.0,0.0,0.69472643585,312.631368074
23.9,2.09467445691E7,36560.5412697,0.0,-721.215342631,1532.44451575,0.0,0.0,6.2379626741,718.539512656,21130.1500494,1.48235450407E-4,0.0,32.13377654774639,0.0,0.0,-0.100004207211,0.0,0.0,0.0,1032.25743485,0.00121947623123,928.16634093,443.392772552,-0.0,0.330833275713,-6.1889140051,0.0,0.0,0.0,0.697015436593,315.648824395
24.0,2.09466723179E7,36713.7870943,0.0,-723.806853051,1532.47197091,0.0,0.0,6.28047018282,721.119741201,21058.1670371,1.49947538509E-4,0.0,32.13399775991162,0.0,0.0,-0.100423726712,0.0,0.0,0.0,1032.55560176,0.0012224777116,930.988422112,443.648956998,-0.0,0.330674210906,-6.24861338519,0.0,0.0,0.0,0.699296882417,318.684567165
24.1,2.09465998079E7,36867.0356625,0.0,-726.392397667,1532.49938536,0.0,0.0,6.32298328305,723.694003205,20985.9263,1.51671260483E-4,0.0,32.134219766418,0.0,0.0,-0.100843257847,0.0,0.0,0.0,1032.85475175,0.00122549563799,933.827608284,443.906060451,-0.0,0.330490272567,-6.3086725904,0.0,0.0,0.0,0.701570739675,321.738633683
24.2,2.09465270396E7,37020.28697,0.0,-728.97194054,1532.52675659,0.0,0.0,6.3654992394,726.262262733,20913.4284366,1.53406617587E-4,0.0,32.134442565365724,0.0,0.0,-0.101262800618,0.0,0.0,0.0,1033.1548815,0.00122853005403,936.683964322,444.164080801,-0.0,0.330281254818,-6.36909233252,0.0,0.0,0.0,0.703836974791,324.811060575
24.3,2.09464540137E7,37173.5410123,0.0,-731.545445661,1532.55408209,0.0,0.0,6.40801529443,728.824483781,20840.6740488,1.55153610327E-4,0.0,32.13466615495502,0.0,0.0,-0.101682355024,0.0,0.0,0.0,1033.45598769,0.00123158100342,939.557555299,444.423015925,-0.0,0.330046951268,-6.42987330972,0.0,0.0,0.0,0.706095554258,327.901883777
24.4,2.09463807307E7,37326.7977848,0.0,-734.11287695,1532.58135931,0.0,0.0,6.45052866855,731.380630277,20767.6637423,1.56912238452E-4,0.0,32.13489053348608,0.0,0.0,-0.102101921065,0.0,0.0,0.0,1033.75806699,0.00123464852988,942.448446484,444.682863685,-0.0,0.329787155023,-6.4910162063,0.0,0.0,0.0,0.708346444646,331.011138522
24.5,2.09463071913E7,37480.0572824,0.0,-736.674198261,1532.6085857,0.0,0.0,6.49303656001,733.930666077,20694.3981264,1.5868250095E-4,0.0,32.13511569895911,0.0,0.0,-0.102521498741,0.0,0.0,0.0,1034.06111603,0.00123773267716,945.356703334,444.943621933,-0.0,0.329501658707,-6.55252169246,0.0,0.0,0.0,0.710589612596,334.13885933
24.6,2.09462333961E7,37633.3195001,0.0,-739.229373381,1532.63575867,0.0,0.0,6.53553614485,736.474554975,20620.877814,1.60464396037E-4,0.0,32.13534164957433,0.0,0.0,-0.102941088049,0.0,0.0,0.0,1034.36513147,0.00124083348907,948.282391498,445.205288506,-0.0,0.329190254479,-6.61439042397,0.0,0.0,0.0,0.712825024824,337.285079991
24.7,2.09461593457E7,37786.5844323,0.0,-741.77836603,1532.66287562,0.0,0.0,6.57802457683,739.012260697,20547.1034215,1.62257921156E-4,0.0,32.13556838343193,0.0,0.0,-0.103360688987,0.0,0.0,0.0,1034.67010992,0.00124395100945,951.225576811,445.46786123,-0.0,0.328852734054,-6.67662304199,0.0,0.0,0.0,0.715052648121,340.449833555
24.8,2.09460850406E7,37939.8520733,0.0,-744.321139867,1532.68993393,0.0,0.0,6.62049898739,741.543746908,20473.0755691,1.64063072969E-4,0.0,32.13579589863212,0.0,0.0,-0.103780301553,0.0,0.0,0.0,1034.97604799,0.00124708528216,954.186325297,445.731337916,-0.0,0.328488888716,-6.73922017275,0.0,0.0,0.0,0.717272449358,343.633152315
24.9,2.09460104816E7,38093.1224171,0.0,-746.857658487,1532.71693096,0.0,0.0,6.66295648562,744.06897721,20398.7948807,1.65879847348E-4,0.0,32.13602419337511,0.0,0.0,-0.10419992574,0.0,0.0,0.0,1035.28294227,0.0012502363511,957.164703157,445.995716364,-0.0,0.328098509344,-6.8021824273,0.0,0.0,0.0,0.71948439548,346.835067798
25.0,2.09459356693E7,38246.3954574,0.0,-749.387885426,1532.74386403,0.0,0.0,6.70539415824,746.587915144,20324.2619834,1.67708239375E-4,0.0,32.13625326576109,0.0,0.0,-0.104619561545,0.0,0.0,0.0,1035.59078935,0.00125340426019,960.160776778,446.260994359,-0.0,0.327681386426,-6.86551040124,0.0,0.0,0.0,0.721688453514,350.055610747
25.1,2.09458606043E7,38399.6711876,0.0,-751.911784161,1532.77073046,0.0,0.0,6.7478090695,749.100524193,20249.4775086,1.69548243329E-4,0.0,32.13648311369028,0.0,0.0,-0.105039208963,0.0,0.0,0.0,1035.89958579,0.00125658905339,963.174612723,446.527169675,-0.0,0.327237310081,-6.9292046745,0.0,0.0,0.0,0.723884590567,353.294811111
25.2,2.09457852872E7,38552.9496011,0.0,-754.42931811,1532.79752756,0.0,0.0,6.79019826122,751.606767783,20174.4420908,1.71399852685E-4,0.0,32.13671373546287,0.0,0.0,-0.105458867985,0.0,0.0,0.0,1036.20932815,0.00125979077466,966.206277733,446.794240071,-0.0,0.326766070078,-6.99326581099,0.0,0.0,0.0,0.726072773826,356.552698029
25.3,2.09457097186E7,38706.2306908,0.0,-756.940450637,1532.82425258,0.0,0.0,6.83255875268,754.106609283,20099.1563684,1.73263060106E-4,0.0,32.136945128979065,0.0,0.0,-0.105878538606,0.0,0.0,0.0,1036.52001297,0.00126300946799,969.255838721,447.062203296,-0.0,0.326267455861,-7.05769435842,0.0,0.0,0.0,0.728252970563,359.829299817
25.4,2.09456338993E7,38859.5144492,0.0,-759.445145051,1532.85090278,0.0,0.0,6.87488754065,756.60001201,20023.6209836,1.75137857437E-4,0.0,32.13717729243905,0.0,0.0,-0.106298220816,0.0,0.0,0.0,1036.83163677,0.00126624517739,972.323362775,447.331057083,-0.0,0.325741256561,-7.12249084796,0.0,0.0,0.0,0.730425148132,363.124643956
25.5,2.09455578298E7,39012.8008687,0.0,-761.943364608,1532.87747538,0.0,0.0,6.91718159934,759.086939227,19947.8365819,1.77024235698E-4,0.0,32.137410223743046,0.0,0.0,-0.106717914608,0.0,0.0,0.0,1037.14419607,0.00126949794688,975.408917148,447.600799152,-0.0,0.325187261024,-7.18765579403,0.0,0.0,0.0,0.732589273973,366.438757076
25.6,2.09454815108E7,39166.0899415,0.0,-764.435072515,1532.90396761,0.0,0.0,6.95943788035,761.567354146,19871.8038128,1.78922185078E-4,0.0,32.13764392099124,0.0,0.0,-0.10713761997,0.0,0.0,0.0,1037.45768736,0.00127276782049,978.512569264,447.871427213,-0.0,0.324605257834,-7.25318969398,0.0,0.0,0.0,0.734745315613,369.771664944
25.7,2.0945404943E7,39319.3816595,0.0,-766.920231927,1532.93037664,0.0,0.0,7.0016533127,764.041219933,19795.5233294,1.80831694931E-4,0.0,32.13787838218382,0.0,0.0,-0.107557336894,0.0,0.0,0.0,1037.77210714,0.00127605484227,981.634386709,448.14293896,-0.0,0.323995035326,-7.31909302785,0.0,0.0,0.0,0.736893240668,373.12339245
25.8,2.0945328127E7,39472.676014,0.0,-769.398805956,1532.95669964,0.0,0.0,7.04382480274,766.508499703,19718.9957883,1.82752753766E-4,0.0,32.13811360532101,0.0,0.0,-0.107977065366,0.0,0.0,0.0,1038.08745188,0.00127935905626,984.774437232,448.415332074,-0.0,0.323356381618,-7.38536625809,0.0,0.0,0.0,0.73903301684,376.49396359
25.9,2.09452510635E7,39625.9729964,0.0,-771.870757663,1532.98293375,0.0,0.0,7.08594923419,768.969156529,19642.2218502,1.84685349245E-4,0.0,32.138349588402974,0.0,0.0,-0.108396805374,0.0,0.0,0.0,1038.40371803,0.00128268050651,987.932788741,448.688604224,-0.0,0.322689084628,-7.4520098293,0.0,0.0,0.0,0.741164611925,379.883401459
26.0,2.09451737531E7,39779.2725977,0.0,-774.336050071,1533.00907611,0.0,0.0,7.12802346806,771.423153438,19565.202179,1.86629468173E-4,0.0,32.13858632942992,0.0,0.0,-0.108816556906,0.0,0.0,0.0,1038.72090204,0.00128601923707,991.109509301,448.962753065,-0.0,0.321992932097,-7.51902416794,0.0,0.0,0.0,0.74328799381,383.29172823
26.1,2.09450961965E7,39932.5748085,0.0,-776.794646156,1533.03512381,0.0,0.0,7.17004434271,773.870453416,19487.9374427,1.88585096494E-4,0.0,32.13882382640206,0.0,0.0,-0.109236319948,0.0,0.0,0.0,1039.03900035,0.00128937529199,994.304667132,449.23777624,-0.0,0.321267711617,-7.58640968205,0.0,0.0,0.0,0.745403130476,386.718965144
26.2,2.09450183944E7,40085.8796192,0.0,-779.246508857,1533.06107394,0.0,0.0,7.21200867378,776.31101941,19410.4283128,1.90552219285E-4,0.0,32.13906207711955,0.0,0.0,-0.109656094484,0.0,0.0,0.0,1039.35800937,0.00129274871531,997.518330605,449.513671377,-0.0,0.320513210647,-7.65416676103,0.0,0.0,0.0,0.747509989996,390.165132495
26.3,2.09449403474E7,40239.1870199,0.0,-781.691601074,1533.08692355,0.0,0.0,7.2539132542,778.744814326,19332.6754645,1.92530820747E-4,0.0,32.139301079782605,0.0,0.0,-0.110075880499,0.0,0.0,0.0,1039.67792552,0.00129613955108,1000.75056824,449.790436093,-0.0,0.319729216543,-7.72229577529,0.0,0.0,0.0,0.749608540545,393.630249618
26.4,2.09448620563E7,40392.4970005,0.0,-784.129885671,1533.11266968,0.0,0.0,7.29575485417,781.171801039,19254.6795769,1.94520884202E-4,0.0,32.139540832091406,0.0,0.0,-0.110495677975,0.0,0.0,0.0,1039.99874517,0.00129954784332,1004.00144871,450.068067989,-0.0,0.318915516582,-7.79079707604,0.0,0.0,0.0,0.751698750391,397.11433487
26.5,2.09447835217E7,40545.8095503,0.0,-786.561325477,1533.13830935,0.0,0.0,7.33753022119,783.591942384,19176.4413325,1.96522392086E-4,0.0,32.13978133214615,0.0,0.0,-0.110915486896,0.0,0.0,0.0,1040.32046472,0.00130297363603,1007.27104082,450.346564656,-0.0,0.318071897983,-7.85967099497,0.0,0.0,0.0,0.753780587903,400.617405623
26.6,2.09447047443E7,40699.1246587,0.0,-788.985883288,1533.16383956,0.0,0.0,7.37923608001,786.005201168,19097.9614178,1.98535325942E-4,0.0,32.14002257774702,0.0,0.0,-0.111335307244,0.0,0.0,0.0,1040.64308053,0.00130641697322,1010.55941352,450.625923669,-0.0,0.317198147935,-7.92891784403,0.0,0.0,0.0,0.755854021553,404.139478244
26.7,2.09446257247E7,40852.4423145,0.0,-791.403521872,1533.18925729,0.0,0.0,7.42086913266,788.411540166,19019.240523,2.00559666413E-4,0.0,32.140264566894196,0.0,0.0,-0.111755138997,0.0,0.0,0.0,1040.96658895,0.00130987789887,1013.8666359,450.906142592,-0.0,0.316294053622,-7.99853791508,0.0,0.0,0.0,0.757919019913,407.680568084
26.8,2.09445464638E7,41005.7625063,0.0,-793.814203966,1533.21455948,0.0,0.0,7.46242605847,790.810922125,18940.2793417,2.02595393238E-4,0.0,32.14050729748788,0.0,0.0,-0.112174982137,0.0,0.0,0.0,1041.29098633,0.00131335645693,1017.1927772,451.187218973,-0.0,0.315359402248,-8.06853147969,0.0,0.0,0.0,0.75997555166,411.240689465
26.9,2.09444669621E7,41159.0852224,0.0,-796.217892282,1533.23974307,0.0,0.0,7.50390351401,793.203309766,18861.0785717,2.04642485244E-4,0.0,32.14075076722823,0.0,0.0,-0.112594836643,0.0,0.0,0.0,1041.61626899,0.00131685269132,1020.53790676,451.469150349,-0.0,0.314393981063,-8.13889878881,0.0,0.0,0.0,0.762023585578,414.819855662
27.0,2.09443872204E7,41312.4104509,0.0,-798.614549508,1533.26480497,0.0,0.0,7.54529813317,795.588665785,18781.6389141,2.06700920341E-4,0.0,32.14099497421546,0.0,0.0,-0.113014702491,0.0,0.0,0.0,1041.94243324,0.00132036664596,1023.90209409,451.751934244,-0.0,0.313397577391,-8.20964007254,0.0,0.0,0.0,0.764063090557,418.418078894
27.1,2.09443072394E7,41465.7381793,0.0,-801.004138309,1533.28974206,0.0,0.0,7.58660652715,797.966952858,18701.9610742,2.08770675514E-4,0.0,32.14123991614973,0.0,0.0,-0.113434579659,0.0,0.0,0.0,1042.26947539,0.00132389836472,1027.28540879,452.035568166,-0.0,0.312369978655,-8.28075553982,0.0,0.0,0.0,0.766094035598,422.035370304
27.2,2.09442270198E7,41619.068395,0.0,-803.38662133,1533.31455123,0.0,0.0,7.62782528444,800.338133639,18622.0457604,2.10851726818E-4,0.0,32.14148559093123,0.0,0.0,-0.113854468124,0.0,0.0,0.0,1042.59739172,0.00132744789143,1030.6879206,452.320049612,-0.0,0.311310972405,-8.35224537817,0.0,0.0,0.0,0.768116389809,425.671739951
27.3,2.09441465624E7,41772.4010851,0.0,-805.761961199,1533.33922932,0.0,0.0,7.66895097088,802.702170766,18541.8936855,2.12944049374E-4,0.0,32.141731996360136,0.0,0.0,-0.11427436786,0.0,0.0,0.0,1042.92617851,0.0013310152699,1034.10969939,452.605376066,-0.0,0.310220346345,-8.42410975341,0.0,0.0,0.0,0.770130122415,429.327196794
27.4,2.09440658677E7,41925.7362364,0.0,-808.130120528,1533.36377314,0.0,0.0,7.70998012967,805.05902686,18461.5055657,2.15047617357E-4,0.0,32.14197913033662,0.0,0.0,-0.114694278841,0.0,0.0,0.0,1043.25583203,0.00133460054388,1037.55081513,452.891544997,-0.0,0.309097888362,-8.4963488094,0.0,0.0,0.0,0.772135202752,433.001748675
27.5,2.09439849366E7,42079.0738352,0.0,-810.491061914,1533.38817952,0.0,0.0,7.75090928137,807.408664529,18380.8821208,2.17162403996E-4,0.0,32.14222699056087,0.0,0.0,-0.115114201041,0.0,0.0,0.0,1043.58634852,0.00133820375711,1041.01133792,453.178553861,-0.0,0.307943386554,-8.56896266774,0.0,0.0,0.0,0.774131600275,436.695402309
27.6,2.09439037697E7,42232.4138676,0.0,-812.844747945,1533.41244522,0.0,0.0,7.79173492397,809.751046371,18300.0240746,2.19288381564E-4,0.0,32.14247557493305,0.0,0.0,-0.115534134431,0.0,0.0,0.0,1043.91772422,0.00134182495324,1044.49133797,453.466400101,-0.0,0.306756629255,-8.64195142753,0.0,0.0,0.0,0.776119284554,440.408163269
27.7,2.09438223679E7,42385.7563194,0.0,-815.191141199,1533.43656702,0.0,0.0,7.83245353286,812.086134974,18218.9321546,2.21425521372E-4,0.0,32.14272488125334,0.0,0.0,-0.115954078984,0.0,0.0,0.0,1044.24995536,0.00134546417591,1047.99088559,453.755081148,-0.0,0.305537405071,-8.71531516506,0.0,0.0,0.0,0.778098225279,444.14003597
27.8,2.09437407317E7,42539.1011761,0.0,-817.530204247,1533.46054166,0.0,0.0,7.87306156092,814.41389292,18137.607092,2.23573793765E-4,0.0,32.14297490722191,0.0,0.0,-0.11637403467,0.0,0.0,0.0,1044.58303814,0.0013491214687,1051.51005121,454.044594418,-0.0,0.304285502901,-8.78905393358,0.0,0.0,0.0,0.780068392264,447.891023658
27.9,2.09436588621E7,42692.4484228,0.0,-819.861899655,1533.48436585,0.0,0.0,7.91355543853,816.734282786,18056.0496216,2.25733168113E-4,0.0,32.14322565063894,0.0,0.0,-0.116794001458,0.0,0.0,0.0,1044.91696877,0.00135279687511,1055.04890534,454.334937313,-0.0,0.303000711973,-8.86316776297,0.0,0.0,0.0,0.782029755442,451.661128394
28.0,2.09435767596E7,42845.7980442,0.0,-822.18618999,1533.5080363,0.0,0.0,7.9539315736,819.047267149,17974.2604823,2.27903612809E-4,0.0,32.14347710930458,0.0,0.0,-0.117213979316,0.0,0.0,0.0,1045.25174343,0.00135649043861,1058.60751862,454.626107224,-0.0,0.301682821872,-8.93765665953,0.0,0.0,0.0,0.783982284875,455.450351041
28.1,2.09434944251E7,42999.1500248,0.0,-824.503037815,1533.53154968,0.0,0.0,7.99418635161,821.352808584,17892.2404163,2.30085095258E-4,0.0,32.143729280819,0.0,0.0,-0.117633968211,0.0,0.0,0.0,1045.5873583,0.0013602022026,1062.18596176,454.918101526,-0.0,0.300331622567,-9.01252060565,0.0,0.0,0.0,0.78592595075,459.258691249
28.2,2.09434118592E7,43152.5043487,0.0,-826.812405699,1533.55490266,0.0,0.0,8.03431613569,823.650869671,17809.9901699,2.32277581873E-4,0.0,32.14398216308238,0.0,0.0,-0.118053968111,0.0,0.0,0.0,1045.92380954,0.00136393221041,1065.78430558,455.210917584,-0.0,0.298946904447,-9.08775955961,0.0,0.0,0.0,0.787860723382,463.086147445
28.3,2.09433290629E7,43305.8609998,0.0,-829.114256215,1533.57809186,0.0,0.0,8.07431726664,825.941412994,17727.510493,2.34481038069E-4,0.0,32.144235753694865,0.0,0.0,-0.11847397898,0.0,0.0,0.0,1046.2610933,0.00136768050531,1069.40262098,455.504552746,-0.0,0.297528458347,-9.16337345522,0.0,0.0,0.0,0.789786573219,466.932716815
28.4,2.09432460366E7,43459.2199615,0.0,-831.408551943,1533.60111391,0.0,0.0,8.11418606296,828.224401146,17644.8021391,2.36695428258E-4,0.0,32.14449005045663,0.0,0.0,-0.118894000784,0.0,0.0,0.0,1046.59920571,0.0013714471305,1073.04097896,455.799004348,-0.0,0.296076075582,-9.23936220164,0.0,0.0,0.0,0.79170347084,470.798395289
28.5,2.09431627814E7,43612.5812169,0.0,-833.695255475,1533.6239654,0.0,0.0,8.15391882096,830.499796729,17561.8658658,2.3892071584E-4,0.0,32.144745050967835,0.0,0.0,-0.119314033485,0.0,0.0,0.0,1046.9381429,0.0013752321291,1076.69945058,456.094269715,-0.0,0.294589547979,-9.31572568305,0.0,0.0,0.0,0.793611386959,474.683177535
28.6,2.09430792979E7,43765.9447488,0.0,-835.974329414,1533.64664289,0.0,0.0,8.19351181478,832.767562359,17478.7024341,2.411568632E-4,0.0,32.14500075302865,0.0,0.0,-0.119734077045,0.0,0.0,0.0,1047.27790098,0.00137903554415,1080.378107,456.390346154,-0.0,0.293068667907,-9.39246375842,0.0,0.0,0.0,0.795510292427,478.587056936
28.7,2.09429955868E7,43919.3105396,0.0,-838.245736378,1533.66914296,0.0,0.0,8.23296129645,835.027660666,17395.3126089,2.434038317E-4,0.0,32.14525715413921,0.0,0.0,-0.120154131427,0.0,0.0,0.0,1047.61847606,0.00138285741862,1084.07701945,456.687230964,-0.0,0.29151322831,-9.4695762612,0.0,0.0,0.0,0.797400158232,482.510025584
28.8,2.0942911649E7,44072.6785714,0.0,-840.509439005,1533.69146212,0.0,0.0,8.27226349597,837.280054299,17311.6971588,2.45661581672E-4,0.0,32.145514252199675,0.0,0.0,-0.12057419659,0.0,0.0,0.0,1047.95986421,0.0013866977954,1087.79625923,456.984921426,-0.0,0.289923022738,-9.54706299912,0.0,0.0,0.0,0.799280955506,486.452074262
28.9,2.09428274852E7,44226.0488259,0.0,-842.765399949,1533.7135969,0.0,0.0,8.31141462138,839.524705927,17227.8568561,2.47930072415E-4,0.0,32.145772044610204,0.0,0.0,-0.120994272494,0.0,0.0,0.0,1048.30206152,0.00139055671727,1091.53589772,457.28341481,-0.0,0.288297845384,-9.62492375388,0.0,0.0,0.0,0.80115265552,490.413192431
29.0,2.09427430961E7,44379.4212845,0.0,-845.013581891,1533.73554377,0.0,0.0,8.35041085881,841.761578242,17143.7924769,2.50209262188E-4,0.0,32.14603052917096,0.0,0.0,-0.121414359097,0.0,0.0,0.0,1048.64506405,0.00139443422695,1095.29600636,457.582708372,-0.0,0.28663749111,-9.70315828087,0.0,0.0,0.0,0.803015229691,494.393368219
29.1,2.09426584827E7,44532.7959283,0.0,-847.253947536,1533.75729922,0.0,0.0,8.38924837259,843.990633962,17059.504801,2.52499108201E-4,0.0,32.14628970348206,0.0,0.0,-0.121834456356,0.0,0.0,0.0,1048.98886786,0.00139833036704,1099.07665664,457.882799356,-0.0,0.284941755491,-9.78176630896,0.0,0.0,0.0,0.804868649583,498.392588406
29.2,2.09425736456E7,44686.1727378,0.0,-849.486459618,1533.77885969,0.0,0.0,8.42792330529,846.211835834,16974.9946119,2.54799566614E-4,0.0,32.14654956514368,0.0,0.0,-0.122254564228,0.0,0.0,0.0,1049.33346897,0.00140224518005,1102.87792013,458.183684992,-0.0,0.283210434836,-9.86074754022,0.0,0.0,0.0,0.806712886909,502.410838409
29.3,2.09424885857E7,44839.5516936,0.0,-851.711080899,1533.80022162,0.0,0.0,8.46643177784,848.425146634,16890.2626969,2.57110592526E-4,0.0,32.14681011165597,0.0,0.0,-0.122674682667,0.0,0.0,0.0,1049.67886343,0.00140617870841,1106.69986844,458.485362494,-0.0,0.281443326233,-9.94010164965,0.0,0.0,0.0,0.808547913531,506.448102272
29.4,2.09424033037E7,44992.9327754,0.0,-853.927774178,1533.82138141,0.0,0.0,8.50476988958,850.630529174,16805.3098469,2.59432139974E-4,0.0,32.147071340819046,0.0,0.0,-0.123094811628,0.0,0.0,0.0,1050.02504724,0.00141013099443,1110.54257325,458.787829068,-0.0,0.279640227577,-10.0198282849,0.0,0.0,0.0,0.810373701468,510.504362652
29.5,2.09423178004E7,45146.315963,0.0,-856.13650229,1533.84233545,0.0,0.0,8.54293371838,852.827946301,16720.1368566,2.61764161921E-4,0.0,32.14733325013308,0.0,0.0,-0.123514951063,0.0,0.0,0.0,1050.37201642,0.0014141020803,1114.40610626,459.091081901,-0.0,0.277800937607,-10.0999270661,0.0,0.0,0.0,0.812190222889,514.579600804
29.6,2.09422320766E7,45299.7012355,0.0,-858.337228107,1533.86308012,0.0,0.0,8.58091932072,855.017360903,16634.7445244,2.64106610258E-4,0.0,32.1475958370982,0.0,0.0,-0.123935100925,0.0,0.0,0.0,1050.71976695,0.00141809200813,1118.29053924,459.395118172,-0.0,0.275925255939,-10.1803975856,0.0,0.0,0.0,0.813997450124,518.67379657
29.7,2.09421461332E7,45453.0885719,0.0,-860.529914544,1533.88361176,0.0,0.0,8.61872273179,857.198735909,16549.1336524,2.66459435791E-4,0.0,32.14785909931453,0.0,0.0,-0.124355261163,0.0,0.0,0.0,1051.06829482,0.0014221008199,1122.19594399,459.699935043,-0.0,0.274012983104,-10.2612394074,0.0,0.0,0.0,0.81579535566,522.786928367
29.8,2.09420599709E7,45606.4779507,0.0,-862.714524562,1533.9039267,0.0,0.0,8.65633996557,859.372034293,16463.3050464,2.68822588239E-4,0.0,32.14812303428222,0.0,0.0,-0.124775431729,0.0,0.0,0.0,1051.41759599,0.00142612855746,1126.12239235,460.005529664,-0.0,0.272063920582,-10.3424520676,0.0,0.0,0.0,0.817583912148,526.918973171
29.9,2.09419735906E7,45759.8693499,0.0,-864.891021169,1533.92402125,0.0,0.0,8.69376701499,861.537219076,16377.259516,2.71196016226E-4,0.0,32.14838763970141,0.0,0.0,-0.12519561257,0.0,0.0,0.0,1051.76766643,0.00143017526256,1130.06995619,460.311899172,-0.0,0.270077870837,-10.4240350733,0.0,0.0,0.0,0.819363092401,531.069906507
30.0,2.0941886993E7,45913.2627474,0.0,-867.059367421,1533.94389171,0.0,0.0,8.73099985197,863.694253332,16290.9978743,2.73579667279E-4,0.0,32.14865291287222,0.0,0.0,-0.125615803634,0.0,0.0,0.0,1052.11850208,0.00143424097683,1134.0387074,460.619040691,-0.0,0.268054637354,-10.5059879031,0.0,0.0,0.0,0.821132869398,535.239702436
