time,gePosition_ft_X,gePosition_ft_Y,gePosition_ft_Z,feVelocity_ft_s_X,feVelocity_ft_s_Y,feVelocity_ft_s_Z,altitudeMsl_ft,longitude_deg,latitude_deg,localGravity_ft_s2,altitudeRateWrtMsl_ft_min,speedOfSound_ft_s,airDensity_slug_ft3,ambientPressure_lbf_ft2,ambientTemperature_dgR,aero_bodyForce_lbf_X,aero_bodyForce_lbf_Y,aero_bodyForce_lbf_Z,aero_bodyMoment_ftlbf_L,aero_bodyMoment_ftlbf_M,aero_bodyMoment_ftlbf_N
0.0,2.095564632546E7,0.0,0.0,0.0,0.0,-0.0,30000.0000006854,0.0,0.0,32.1065359518416,0.0,994.849129860398,8.906860665458E-4,629.668577032426,411.838216574779,0.0,0.0,0.0,0.0,0.0,0.0
0.1,2.09556461654844E7,-1.12428764112E-5,4.0E-16,-4.0E-16,2.33311987065E-5,3.199510458221767,29999.8400251679,-3.07397E-11,0.0,32.106536442837,-191.970627493306,994.849816942943,8.906913024676E-4,629.673148309917,411.838785438819,0.0,0.0,0.0,0.0,0.0,0.0
0.2,2.09556456855579E7,-1.781951255E-5,2.0E-16,-9.0E-16,9.33247971151E-5,6.399021014132249,29999.3600985966,-4.87211E-11,0.0,32.1065379158235,-383.941260847935,994.851878187874,8.907070103754E-4,629.686862304578,411.840492031058,0.0,0.0,0.0,0.0,0.0,0.0
0.3,2.09556448856802E7,-1.50636680587E-5,4.0E-16,-1.8E-15,2.099808003796E-4,9.598531765420116,29998.5602209568,-4.11863E-11,0.0,32.1065403708012,-575.911905925207,994.855313586919,8.907331906952E-4,629.709719501914,411.843336351719,0.0,0.0,0.0,0.0,0.0,0.0
0.4,2.09556437658515E7,1.7095101157E-6,2.0E-16,-3.6E-15,3.732992179984E-4,12.798042809774133,29997.4403922334,4.674E-12,0.0,32.1065438077706,-767.882568586448,994.860123126174,8.907698441358E-4,629.741720710341,411.847318401076,0.0,0.0,0.0,0.0,0.0,0.0
0.5,2.09556423260716E7,3.71290379917E-5,0.0,-3.6E-15,5.832800615413E-4,15.9975542448831,29996.0006123744,1.015162E-10,0.0,32.1065482267322,-959.853254692986,994.866306786425,8.908169716918E-4,629.782867063356,411.852438179722,0.0,0.0,0.0,0.0,0.0,0.0
0.6,2.09556405663406E7,9.58797686508E-5,2.0E-16,-3.6E-15,8.399233471503E-4,19.197066168435832,29994.2408813647,2.621493E-10,0.0,32.1065536276868,-1151.82397010615,994.87386454268,8.908745746398E-4,629.833160016498,411.858695688178,0.0,0.0,0.0,0.0,0.0,0.0
0.7,2.09556384866584E7,1.826465561408E-4,0.0,-3.6E-15,0.0011432290950847,22.396578678121333,29992.1611991226,4.993824E-10,0.0,32.1065600106354,-1343.79472068728,994.882796364639,8.909426545416E-4,629.892601350504,411.866090927286,0.0,0.0,0.0,0.0,0.0,0.0
0.8,2.09556360870249E7,3.020584176738E-4,0.0,-3.6E-15,0.0014931973281301,25.596091871628502,29989.761565607,8.25872E-10,0.0,32.1065673755788,-1535.76551229771,994.893102216323,8.910212132424E-4,629.96119316894,411.874623897898,0.0,0.0,0.0,0.0,0.0,0.0
0.9,2.095563336744E7,4.587815953982E-4,2.0E-16,-3.6E-15,0.0018898280729619,28.795605846646833,29987.0419807247,1.2543763E-9,0.0,32.1065757225185,-1727.73635079881,994.904782056332,8.911102528719E-4,630.038937899998,411.884294601088,0.0,0.0,0.0,0.0,0.0,0.0
1.0,2.09556303279037E7,6.57519556853E-4,2.0E-16,-7.1E-15,0.0023331213599188,31.99512070086517,29984.0024444088,1.7977553E-9,0.0,32.1065850514558,-1919.70724205191,994.917835837687,8.912097758436E-4,630.125838295546,411.895103038025,0.0,0.0,0.0,0.0,0.0,0.0
1.1,2.09556269684158E7,9.029385453232E-4,2.0E-16,0.0,0.0028230772223196,35.19463653197317,29980.6429565511,2.4687674E-9,0.0,32.1065953623923,-2111.67819191839,994.932263507986,8.913197848559E-4,630.221897432315,411.9070492101,0.0,0.0,0.0,0.0,0.0,0.0
1.2,2.09556232889763E7,0.0011996489683952,4.0E-16,0.0,0.0033596956985108,38.3941534376605,29976.9635170623,3.2800181E-9,0.0,32.1066066553297,-2303.64920625963,994.948065009094,8.914402828899E-4,630.327118709907,411.92013311866,0.0,0.0,0.0,0.0,0.0,0.0
1.3,2.09556192895851E7,0.0015523915210451,0.0,-7.1E-15,0.003942976828455,41.59367151561683,29972.9641258269,4.2444693E-9,0.0,32.1066189302699,-2495.62029093701,994.965240277581,8.91571273213E-4,630.441505853938,411.934354765388,0.0,0.0,0.0,0.0,0.0,0.0
1.4,2.0955614970242E7,0.001965776610632,2.0E-16,-1.42E-14,0.0045729206573695,44.79319086353216,29968.6447827145,5.3747267E-9,0.0,32.106632187215,-2687.59145181193,994.983789244382,8.917127593758E-4,630.565062913856,411.949714151999,0.0,0.0,0.0,0.0,0.0,0.0
1.5,2.09556103309469E7,0.0024445077096971,0.0,-7.1E-15,0.0052495272334522,47.9927115790965,29964.0054876059,6.6836505E-9,0.0,32.1066464261673,-2879.56269474579,995.003711834951,8.918647452141E-4,630.697794264197,411.966211280384,0.0,0.0,0.0,0.0,0.0,0.0
1.6,2.09556053716996E7,0.0029931766162008,0.0,-7.1E-15,0.0059727966076548,51.19223376000067,29959.046240352,8.1837954E-9,0.0,32.106661647129,-3071.53402560004,995.025007969219,8.920272348484E-4,630.839704604459,411.983846152561,0.0,0.0,0.0,0.0,0.0,0.0
1.7,2.09556000925001E7,0.0036165612527839,2.0E-16,-7.1E-15,0.0067427288359558,54.391757503935,29953.767040804,9.8882254E-9,0.0,32.1066778501028,-3263.5054502361,995.047677561577,8.922002326835E-4,630.990798959211,412.002618770668,0.0,0.0,0.0,0.0,0.0,0.0
1.8,2.09555944933481E7,0.0043192534208174,2.0E-16,-7.1E-15,0.0075593239766328,57.5912829085905,29948.1678887978,1.18094952E-8,0.0,32.1066950350914,-3455.47697451543,995.071720520958,8.9238374341E-4,631.151082678856,412.022529137027,0.0,0.0,0.0,0.0,0.0,0.0
1.9,2.09555885742434E7,0.0051059752090623,4.0E-16,-1.42E-14,0.0084225820923083,60.790810071658335,29942.2487841621,1.3960516E-8,0.0,32.1067132020976,-3647.4486042995,995.09713675076,8.925777720032E-4,631.320561439338,412.043577254078,0.0,0.0,0.0,0.0,0.0,0.0
2.0,2.0955582335186E7,0.0059812811950906,7.0E-16,-2.13E-14,0.0093325032483586,63.99033909083017,29936.0097267217,1.63537411E-8,0.0,32.1067323511247,-3839.42034544981,995.123926148849,8.927823237236E-4,631.499241242402,412.065763124376,0.0,0.0,0.0,0.0,0.0,0.0
2.1,2.09555757761756E7,0.0069499679179899,4.0E-16,-1.42E-14,0.0102890875147323,67.18987006379767,29929.4507162831,1.90022853E-8,0.0,32.1067524821756,-4031.39220382786,995.152088607621,8.929974041176E-4,631.68712841629,412.089086750652,0.0,0.0,0.0,0.0,0.0,0.0
2.2,2.09555688972119E7,0.0080166271864073,4.0E-16,-1.42E-14,0.0112923349648141,70.38940308825299,29922.5717526413,2.19187036E-8,0.0,32.106773595254,-4223.36418529518,995.181624013977,8.932230190169E-4,631.884229615821,412.113548135777,0.0,0.0,0.0,0.0,0.0,0.0
2.3,2.09555616982949E7,0.0091859624803874,7.0E-16,-1.42E-14,0.0123422456745147,73.58893826188867,29915.3728355914,2.51158565E-8,0.0,32.1067956903632,-4415.33629571332,995.21253224929,8.934591745393E-4,632.090551822473,412.139147282741,0.0,0.0,0.0,0.0,0.0,0.0
2.4,2.09555541794242E7,0.0104626028319216,7.0E-16,-1.42E-14,0.013438819723863,76.78847568239733,29907.853964921,2.8606401E-8,0.0,32.106818767507,-4607.30854094384,995.244813189394,8.93705877088E-4,632.3061023446,412.165884194639,0.0,0.0,0.0,0.0,0.0,0.0
2.5,2.09555463405997E7,0.0118512331159763,4.0E-16,-1.42E-14,0.0145820571972331,79.98801544747266,29900.0151403769,3.24031466E-8,0.0,32.1068428266894,-4799.28092684836,995.278466704743,8.939631333534E-4,632.530888818824,412.193758874804,0.0,0.0,0.0,0.0,0.0,0.0
2.6,2.0955538181821E7,0.0133565009818994,7.0E-16,-1.42E-14,0.0157719581812982,83.18755765480783,29891.8563617467,3.65188013E-8,0.0,32.1068678679143,-4991.25345928847,995.313492660178,8.942309503114E-4,632.764919208789,412.222771326604,0.0,0.0,0.0,0.0,0.0,0.0
2.7,2.0955529703088E7,0.0149831099142829,4.0E-16,-1.42E-14,0.0170085227673044,86.38710240209716,29883.377628766,4.09662258E-8,0.0,32.106893891186,-5183.22614412583,995.349890915119,8.945093352251E-4,633.008201806797,412.252921553609,0.0,0.0,0.0,0.0,0.0,0.0
2.8,2.09555209044004E7,0.0167357261834695,4.0E-16,-1.42E-14,0.0182917510497065,89.58664978703483,29874.5789411775,4.5758179E-8,0.0,32.1069208965088,-5375.19898722209,995.387661323489,8.947982956445E-4,633.260745233653,412.284209559516,0.0,0.0,0.0,0.0,0.0,0.0
2.9,2.0955511785758E7,0.0186189788282717,2.0E-16,-2.84E-14,0.0196216431261678,92.78619990731599,29865.4602987133,5.09073182E-8,0.0,32.1069488838873,-5567.17199443896,995.426803733716,8.950978394066E-4,633.52255843906,412.316635348156,0.0,0.0,0.0,0.0,0.0,0.0
3.0,2.09555023471604E7,0.0206375527322961,2.0E-16,0.0,0.0209981990982426,95.98575286063583,29856.0217010974,5.64264531E-8,0.0,32.1069778533263,-5759.14517163815,995.467317988736,8.954079746355E-4,633.793650702021,412.350198923488,0.0,0.0,0.0,0.0,0.0,0.0
3.1,2.09554925886073E7,0.02279613277733,4.0E-16,-2.84E-14,0.0224214190709213,99.18530874469033,29846.263148047,6.23283939E-8,0.0,32.1070078048304,-5951.11852468142,995.509203926032,8.957287097435E-4,634.074031631474,412.384900289632,0.0,0.0,0.0,0.0,0.0,0.0
3.2,2.09554825100985E7,0.0250993480140095,4.0E-16,-1.42E-14,0.0238913031533128,102.38486765717583,29836.184639249,6.8625798E-8,0.0,32.1070387384049,-6143.09205943055,995.552461377582,8.960600534301E-4,634.363711166412,412.420739450824,0.0,0.0,0.0,0.0,0.0,0.0
3.3,2.09554721116337E7,0.0275518833277601,7.0E-16,-1.42E-14,0.0254078514565979,105.58442969578884,29825.7861744128,7.53314754E-8,0.0,32.1070706540549,-6335.06578174733,995.597090169903,8.964020146836E-4,634.662699576544,412.457716411444,0.0,0.0,0.0,0.0,0.0,0.0
3.4,2.09554613932125E7,0.030158423611283,4.0E-16,-2.84E-14,0.0269710640978948,108.783994958227,29815.0677532069,8.24582364E-8,0.0,32.1071035517858,-6527.03969749362,995.643090124112,8.967546027807E-4,634.971007463194,412.49583117607,0.0,0.0,0.0,0.0,0.0,0.0
3.5,2.09554503548346E7,0.0329235979224904,0.0,-2.84E-14,0.0285809411959394,111.98356354218832,29804.0293753072,9.00187386E-8,0.0,32.1071374316031,-6719.0138125313,995.69046105574,8.971178272863E-4,635.288645758491,412.535083749319,0.0,0.0,0.0,0.0,0.0,0.0
3.6,2.09554389964997E7,0.035852072538546,0.0,-1.42E-14,0.0302374828735859,115.183135545371,29792.6710403785,9.80257414E-8,0.0,32.1071722935125,-6910.98813272226,995.739202774961,8.974916980551E-4,635.615625727374,412.57547413603,0.0,0.0,0.0,0.0,0.0,0.0
3.7,2.09554273182074E7,0.0389485509713267,0.0,-1.42E-14,0.0319406892571252,118.38271106547417,29780.9927480816,1.064921061E-7,0.0,32.1072081375199,-7102.96266392845,995.78931508642,8.978762252305E-4,635.951958966918,412.617002341122,0.0,0.0,0.0,0.0,0.0,0.0
3.8,2.09554153199573E7,0.0422177181199003,0.0,-2.84E-14,0.0336905604769667,121.58229020019733,29768.9944980479,1.154306432E-7,0.0,32.1072449636313,-7294.93741201184,995.84079778936,8.982714192459E-4,636.297657407721,412.659668369697,0.0,0.0,0.0,0.0,0.0,0.0
3.9,2.09554030017492E7,0.0456641472201226,0.0,-2.84E-14,0.0354870966662747,124.781873047241,29756.6762899197,1.24853858E-7,0.0,32.1072827718529,-7486.91238283446,995.893650677553,8.986772908248E-4,636.652733313907,412.703472226975,0.0,0.0,0.0,0.0,0.0,0.0
4.0,2.09553903635826E7,0.0492925790049412,-2.0E-16,-2.84E-14,0.0373302979627869,127.98145970430583,29744.0381233133,1.347747138E-7,0.0,32.1073215621911,-7678.88758225835,995.947873539317,8.990938509807E-4,637.017199283798,412.748413918307,0.0,0.0,0.0,0.0,0.0,0.0
4.1,2.09553774054571E7,0.0531076797742571,2.0E-16,0.0,0.0392201645065408,131.1810502690935,29731.0799978449,1.452059704E-7,0.0,32.1073613346524,-7870.86301614561,996.003466157583,8.995211110183E-4,637.391068250905,412.794493449228,0.0,0.0,0.0,0.0,0.0,0.0
4.2,2.09553641273724E7,0.0571140786041723,-2.0E-16,-2.84E-14,0.0411566964423754,134.38064483930583,29717.8019131273,1.56160286E-7,0.0,32.1074020892435,-8062.83869035835,996.060428309791,8.99959082533E-4,637.77435348377,412.841710825366,0.0,0.0,0.0,0.0,0.0,0.0
4.3,2.0955350529328E7,0.0613164604055782,-7.0E-16,0.0,0.0431398939178842,137.58024351264584,29704.2038687393,1.676504715E-7,0.0,32.1074438259712,-8254.81461075875,996.118759767956,9.004077774117E-4,638.167068587001,412.890066052492,0.0,0.0,0.0,0.0,0.0,0.0
4.4,2.09553366113236E7,0.0657194914811043,-2.0E-16,-2.84E-14,0.0451697570840979,140.77984638681716,29690.2858642749,1.79689287E-7,0.0,32.1074865448426,-8446.79078320903,996.178460298688,9.008672078329E-4,638.569227501989,412.939559136532,0.0,0.0,0.0,0.0,0.0,0.0
4.5,2.09553223733586E7,0.0703278567571032,-4.0E-16,-5.68E-14,0.0472462860963938,143.97945355952382,29676.0478993207,1.922895436E-7,0.0,32.1075302458648,-8638.76721357143,996.239529663167,9.013373862677E-4,638.980844507333,412.990190083549,0.0,0.0,0.0,0.0,0.0,0.0
4.6,2.09553078154327E7,0.0751461480913349,-4.0E-16,-5.68E-14,0.0493694811131317,147.17906512847085,29661.4899734295,2.05463798E-7,0.0,32.1075749290453,-8830.74390770825,996.301967617133,9.018183254793E-4,639.401934219378,413.041958899719,0.0,0.0,0.0,0.0,0.0,0.0
4.7,2.09552929375454E7,0.0801791434705592,-4.0E-16,-2.84E-14,0.0515393422967906,150.37868119136382,29646.612086147,2.19225116E-7,0.0,32.1076205943915,-9022.72087148183,996.365773911013,9.023100385247E-4,639.832511593742,413.094865591443,0.0,0.0,0.0,0.0,0.0,0.0
4.8,2.09552777396963E7,0.0854314347634499,-2.0E-16,-2.84E-14,0.0537558698126049,153.57830184590952,29631.4142370335,2.335860546E-7,0.0,32.107667241911,-9214.69811075457,996.43094828971,9.028125387533E-4,640.272591924485,413.148910165161,0.0,0.0,0.0,0.0,0.0,0.0
4.9,2.09552622218849E7,0.0909077255191732,0.0,-2.84E-14,0.0560190638299288,156.77792718981468,29615.8964256197,2.48559476E-7,0.0,32.1077148716119,-9406.67563138888,996.49749049273,9.033258398085E-4,640.722190845668,413.204092627458,0.0,0.0,0.0,0.0,0.0,0.0
5.0,2.09552463841107E7,0.0966126262201214,-2.0E-16,0.0,0.0583289245217809,159.97755732078767,29600.0586514361,2.641579883E-7,0.0,32.1077634835021,-9598.65343924726,996.565400254302,9.038499556287E-4,641.181324332814,413.260412985155,0.0,0.0,0.0,0.0,0.0,0.0
5.1,2.09552302263733E7,0.102550877648354,-4.0E-16,-2.84E-14,0.0606854520641632,163.17719233653682,29583.9009139947,2.80394556E-7,0.0,32.1078130775896,-9790.63154019221,996.634677303177,9.043849004465E-4,641.650008702237,413.317871245137,0.0,0.0,0.0,0.0,0.0,0.0
5.2,2.09552137486721E7,0.108727090290813,-7.0E-16,-2.84E-14,0.0630886466371972,166.37683233477233,29567.4232128039,2.972817871E-7,0.0,32.107863653883,-9982.60994008634,996.705321362663,9.04930688789E-4,642.128260611993,413.376467414383,0.0,0.0,0.0,0.0,0.0,0.0
5.3,2.09551969510066E7,0.115145967711214,-4.0E-16,-2.84E-14,0.0655385084239876,169.57647741320335,29550.6255473531,3.148325446E-7,0.0,32.1079152123907,-10174.5886447922,996.777332150837,9.0548733548E-4,642.616097064044,413.436201500133,0.0,0.0,0.0,0.0,0.0,0.0
5.4,2.09551798333764E7,0.12181210179915,-4.0E-16,-2.84E-14,0.0680350376119866,172.77612766954334,29533.5079171434,3.330593859E-7,0.0,32.1079677531214,-10366.5676601726,996.850709380316,9.060548556388E-4,643.113535403409,413.497073509693,0.0,0.0,0.0,0.0,0.0,0.0
5.5,2.09551623957809E7,0.128730289183295,-2.0E-16,-5.68E-14,0.0705782343914022,175.97578320150333,29516.070321653,3.519754286E-7,0.0,32.1080212760839,-10558.5469920902,996.925452758292,9.066332646808E-4,643.620593319166,413.559083450462,0.0,0.0,0.0,0.0,0.0,0.0
5.6,2.09551446382196E7,0.135905065915721,-4.0E-16,-2.84E-14,0.07316809895679,179.17544410679665,29498.312760327,3.715930778E-7,0.0,32.1080757812872,-10750.5266464078,997.001561986744,9.072225783195E-4,644.137288846663,413.622231330099,0.0,0.0,0.0,0.0,0.0,0.0
5.7,2.09551265606919E7,0.143341210032303,-7.0E-16,-2.84E-14,0.0758046315056892,182.37511048313667,29480.2352326437,3.919254003E-7,0.0,32.1081312687405,-10942.5066289882,997.079036762191,9.078228125652E-4,644.663640366605,413.686517156317,0.0,0.0,0.0,0.0,0.0,0.0
5.8,2.09551081631973E7,0.151043276207929,-7.0E-16,0.0,0.078487832239532,185.57478242823834,29461.8377380445,4.129848523E-7,0.0,32.1081877384531,-11134.4869456943,997.157876775796,9.084339837259E-4,645.199666606538,413.75194093696,0.0,0.0,0.0,0.0,0.0,0.0
5.9,2.09550894457352E7,0.159016005251032,-4.0E-16,-5.68E-14,0.0812177013627341,188.77446003981834,29443.1202759705,4.347843993E-7,0.0,32.1082451904346,-11326.4676023891,997.238081713478,9.090561084091E-4,645.745386642461,413.818502680097,0.0,0.0,0.0,0.0,0.0,0.0
6.0,2.09550704083051E7,0.167264044908733,0.0,-2.84E-14,0.0839942390840595,191.97414341559335,29424.0828458443,4.57336752E-7,0.0,32.1083036246946,-11518.4486049356,997.319651255683,9.096892035205E-4,646.30081989806,413.886202393818,0.0,0.0,0.0,0.0,0.0,0.0
6.1,2.09550510509064E7,0.175792080161045,-2.0E-16,-8.53E-14,0.0868174456154835,195.17383265328,29404.7254470922,4.806547233E-7,0.0,32.108363041243,-11710.4299591968,997.402585077648,9.103332862658E-4,646.865986147329,413.955040086455,0.0,0.0,0.0,0.0,0.0,0.0
6.2,2.09550313735384E7,0.184604740152281,-4.0E-16,-2.84E-14,0.0896873211724198,198.37352785059832,29385.0480791181,5.047509737E-7,0.0,32.1084234400896,-11902.4116710359,997.486882849195,9.109883741506E-4,647.44090551406,414.025015766402,0.0,0.0,0.0,0.0,0.0,0.0
6.3,2.09550113762006E7,0.193706709877005,-7.0E-16,0.0,0.0926038659739489,201.57322910526668,29365.0507413223,5.296383161E-7,0.0,32.1084848212448,-12094.393746316,997.572544234931,9.116544849818E-4,648.025598474055,414.096129442277,0.0,0.0,0.0,0.0,0.0,0.0
6.4,2.09549910588924E7,0.203102637095071,-2.0E-16,-2.84E-14,0.0955670802434992,204.77293651500668,29344.7334330938,5.553294621E-7,0.0,32.1085471847188,-12286.3761909004,997.659568894066,9.123316368668E-4,648.620085854753,414.168381122765,0.0,0.0,0.0,0.0,0.0,0.0
6.5,2.09549704216131E7,0.212797262642197,-7.0E-16,0.0,0.0985769642061197,207.97265017754,29324.0961538106,5.818373778E-7,0.0,32.1086105305221,-12478.3590106524,997.747956480529,9.13019848215E-4,649.224388836939,414.241770816707,0.0,0.0,0.0,0.0,0.0,0.0
6.6,2.09549494643621E7,0.222795141229653,-4.0E-16,-5.68E-14,0.101633518092117,211.17237019059,29303.1389028429,6.091745203E-7,0.0,32.1086748586654,-12670.3422114354,997.837706642976,9.137191377384E-4,649.8385289557,414.316298533101,0.0,0.0,0.0,0.0,0.0,0.0
6.7,2.09549281871388E7,0.233101013704072,0.0,-2.84E-14,0.104736742134556,214.37209665187999,29281.8616795539,6.373538562E-7,0.0,32.1087401691595,-12862.3257991128,997.928819024716,9.144295244516E-4,650.462528100869,414.391964281037,0.0,0.0,0.0,0.0,0.0,0.0
6.8,2.09549065899426E7,0.243719565072751,-2.0E-16,-5.68E-14,0.107886636570849,217.57182965913336,29260.2644832991,6.66388199E-7,0.0,32.1088064620153,-13054.309779548,998.021293263897,9.151510276736E-4,651.096408519205,414.468768069844,0.0,0.0,0.0,0.0,0.0,0.0
6.9,2.09548846727727E7,0.254655368678868,0.0,-2.84E-14,0.11108320164185,220.77156931008,29238.3473134115,6.962900576E-7,0.0,32.1088737372442,-13246.2941586048,998.115128993285,9.158836670268E-4,651.740192813885,414.546709908899,0.0,0.0,0.0,0.0,0.0,0.0
7.0,2.09548624356285E7,0.265913165376332,4.0E-16,-5.68E-14,0.114326437590714,223.971315702445,29216.1101692132,7.270723986E-7,0.0,32.1089419948573,-13438.2789421467,998.210325840388,9.166274624384E-4,652.393903946291,414.625789807727,0.0,0.0,0.0,0.0,0.0,0.0
7.1,2.09548398785093E7,0.277497602968651,2.0E-16,-5.68E-14,0.117616344665856,227.171068933955,29193.5530500337,7.587479345E-7,0.0,32.1090112348662,-13630.2641360373,998.306883427525,9.173824341418E-4,653.05756523749,414.706007776049,0.0,0.0,0.0,0.0,0.0,0.0
7.2,2.09548170014145E7,0.28941336648495,2.0E-16,-5.68E-14,0.12095292311731,230.37082910234167,29170.6759551949,7.913294797E-7,0.0,32.1090814572824,-13822.2497461405,998.404801371706,9.181486026758E-4,653.731200368419,414.787363823676,0.0,0.0,0.0,0.0,0.0,0.0
7.3,2.09547938043433E7,0.301665085120475,4.0E-16,-2.84E-14,0.124336173201054,233.57059630533666,29147.4788839817,8.24829696E-7,0.0,32.1091526621179,-14014.2357783202,998.504079284704,9.18925988886E-4,654.414833381393,414.869857960566,0.0,0.0,0.0,0.0,0.0,0.0
7.4,2.0954770287295E7,0.314257443920723,4.0E-16,-5.68E-14,0.127766095174914,236.77037064066832,29123.9618356972,8.592613983E-7,0.0,32.1092248493846,-14206.2222384401,998.604716773046,9.197146139254E-4,655.108488681096,414.953490196806,0.0,0.0,0.0,0.0,0.0,0.0
7.5,2.09547464502689E7,0.327195127918457,2.0E-16,0.0,0.131242689300836,239.97015220607332,29100.1248096153,8.946374012E-7,0.0,32.1092980190946,-14398.2091323644,998.706713438105,9.205144992555E-4,655.812191036226,415.038260542682,0.0,0.0,0.0,0.0,0.0,0.0
7.6,2.09547222932643E7,0.340482766338027,2.0E-16,-5.68E-14,0.134765955843982,243.16994109928334,29075.967805013,9.309703672E-7,0.0,32.1093721712603,-14590.196465957,998.810068875924,9.213256666457E-4,656.525965579423,415.124169008531,0.0,0.0,0.0,0.0,0.0,0.0
7.7,2.09546978162804E7,0.354125025622124,4.0E-16,0.0,0.138335895073636,246.36973741803334,29051.4908211454,9.682730606E-7,0.0,32.1094473058942,-14782.184245082,998.914782677425,9.221481381755E-4,657.249837809719,415.2112156049,0.0,0.0,0.0,0.0,0.0,0.0
7.8,2.09546730193165E7,0.368126646664677,2.0E-16,0.0,0.141952507262295,249.56954126006335,29026.6938572749,1.0065584493E-6,0.0,32.1095234230088,-14974.1724756038,999.020854428299,9.229819362343E-4,657.983833592933,415.299400342455,0.0,0.0,0.0,0.0,0.0,0.0
7.9,2.09546479023719E7,0.382492184247894,4.0E-16,-2.84E-14,0.145615792686124,252.76935272311,29001.5769126415,1.0458389927E-6,0.0,32.1096005226171,-15166.1611633866,999.128283709018,9.23827083522E-4,658.72797916284,415.388723231979,0.0,0.0,0.0,0.0,0.0,0.0
8.0,2.09546224654457E7,0.397226360668355,4.0E-16,0.0,0.14932575162473,255.96917190491,28976.1399864777,1.0861276081E-6,0.0,32.1096786047319,-15358.1503142946,999.237070094858,9.246836030502E-4,659.482301122474,415.479184284388,0.0,0.0,0.0,0.0,0.0,0.0
8.1,2.09545967085373E7,0.412333879614379,2.0E-16,-5.68E-14,0.153082384361616,259.16899890320667,28950.3830779977,1.1274371624E-6,0.0,32.1097576693664,-15550.1399341924,999.34721315605,9.255515181434E-4,660.246826446329,415.570783510846,0.0,0.0,0.0,0.0,0.0,0.0
8.19999999999999,2.09545706316457E7,0.427819351722064,2.0E-16,-5.68E-14,0.156885691183498,262.36883381574165,28924.3061864301,1.1697802679E-6,0.0,32.1098377165339,-15742.1300289445,999.45871245744,9.264308524377E-4,661.021582479151,415.663520922477,0.0,0.0,0.0,0.0,0.0,0.0
8.3,2.09545442347702E7,0.443687480688822,4.0E-16,-5.68E-14,0.16073567238008,265.56867674025835,28897.9093109704,1.2131697918E-6,0.0,32.1099187462479,-15934.1206044155,999.571567558881,9.273216298841E-4,661.806596939839,415.757396530684,0.0,0.0,0.0,0.0,0.0,0.0
8.4,2.09545175179101E7,0.459942858555223,4.0E-16,-5.68E-14,0.164632328246781,268.76852777449835,28871.1924508102,1.2576182959E-6,0.0,32.1100007585221,-16126.1116664699,999.685778015029,9.282238747477E-4,662.601897921254,415.85241034697,0.0,0.0,0.0,0.0,0.0,0.0
8.5,2.09544904810644E7,0.476590282096367,2.0E-16,-5.68E-14,0.168575659080414,271.9683870162117,28844.1556051373,1.3031389022E-6,0.0,32.1100837533701,-16318.1032209727,999.801343375376,9.291376116085E-4,663.407513891612,415.948562382961,0.0,0.0,0.0,0.0,0.0,0.0
8.6,2.09544631242324E7,0.493634287517124,0.0,-5.68E-14,0.172565665181919,275.1682545631433,28816.7987731285,1.3497440202E-6,0.0,32.1101677308061,-16510.0952737886,999.9182631843,9.30062865363E-4,664.223473696112,416.045852650437,0.0,0.0,0.0,0.0,0.0,0.0
8.69999999999999,2.09544354474132E7,0.511079652982516,0.0,-5.68E-14,0.176602346855676,278.3681305130433,28789.1219539493,1.3974467212E-6,0.0,32.110252690844,-16702.0878307826,1000.03653698101,9.309996612239E-4,665.049806557789,416.144281161284,0.0,0.0,0.0,0.0,0.0,0.0
8.8,2.0954407450606E7,0.528930914731972,2.0E-16,-1.137E-13,0.180685704410644,281.56801496366,28761.1251467429,1.4462594153E-6,0.0,32.1103386334983,-16894.0808978196,1000.15616429972,9.319480247223E-4,665.886542079853,416.243847927614,0.0,0.0,0.0,0.0,0.0,0.0
8.9,2.09543791338099E7,0.54719286954787,-2.0E-16,-5.68E-14,0.184815738158545,284.76790801274495,28732.8083506673,1.4961952251E-6,0.0,32.1104255587834,-17086.0744807647,1000.27714466941,9.329079817069E-4,666.733710245579,416.344552961586,0.0,0.0,0.0,0.0,0.0,0.0
9.0,2.09543504970241E7,0.565870109507159,-2.0E-16,-5.68E-14,0.188992448413858,287.96780975805336,28704.1715648509,1.5472667135E-6,0.0,32.1105134667139,-17278.0685854832,1000.39947761401,9.33879558346E-4,667.591341420671,416.446396275536,0.0,0.0,0.0,0.0,0.0,0.0
9.1,2.09543215402477E7,0.584967338361821,-2.0E-16,-1.137E-13,0.193215835496326,291.16772029733835,28675.2147884219,1.5994867492E-6,0.0,32.1106023573046,-17470.0632178403,1000.52316265239,9.348627811278E-4,668.459466354531,416.549377881952,0.0,0.0,0.0,0.0,0.0,0.0
9.19999999999999,2.09542922634798E7,0.60448918541806,2.0E-16,-5.68E-14,0.197485899727998,294.367639728355,28645.9380204975,1.6528679972E-6,0.0,32.1106922305704,-17662.0583837013,1000.64819929827,9.35857676861E-4,669.338116180979,416.653497793403,0.0,0.0,0.0,0.0,0.0,0.0
9.3,2.09542626667194E7,0.624440335826875,4.0E-16,-1.137E-13,0.201802641435503,297.5675681488617,28616.3412601798,1.7074232756E-6,0.0,32.1107830865266,-17854.0540889317,1000.77458706041,9.368642726767E-4,670.227322421015,416.758756022697,0.0,0.0,0.0,0.0,0.0,0.0
9.4,2.09542327499658E7,0.644825437519102,0.0,-1.137E-13,0.206166060948229,300.76750565661666,28586.4245065636,1.7631653009E-6,0.0,32.1108749251884,-18046.050339397,1000.90232544245,9.378825960281E-4,671.127116982899,416.865152582716,0.0,0.0,0.0,0.0,0.0,0.0
9.5,2.0954202513218E7,0.665649231494171,2.0E-16,-1.137E-13,0.210576158599239,303.96745234938334,28556.1877587437,1.8201070442E-6,0.0,32.1109677465711,-18238.047140963,1001.03141394296,9.389126746918E-4,672.037532164052,416.972687486476,0.0,0.0,0.0,0.0,0.0,0.0
9.6,2.0954171956475E7,0.686916272639791,4.0E-16,-1.137E-13,0.215032934725264,307.1674083249183,28525.6310157887,1.8782609679E-6,0.0,32.1110615506906,-18430.0444994951,1001.16185205553,9.399545367687E-4,672.958600652853,417.081360747164,0.0,0.0,0.0,0.0,0.0,0.0
9.69999999999999,2.0954141079736E7,0.708631301973582,2.0E-16,-5.68E-14,0.219536389666706,310.36737368099,28494.7542767673,1.9376400435E-6,0.0,32.1111563375625,-18622.0424208594,1001.29363926867,9.410082106847E-4,673.890355529568,417.191172378071,0.0,0.0,0.0,0.0,0.0,0.0
9.8,2.0954109883E7,0.73079896744457,4.0E-16,-5.68E-14,0.224086523767413,313.56734851536004,28463.557540737,1.9982569883E-6,0.0,32.1112521072028,-18814.0409109216,1001.4267750659,9.420737251919E-4,674.832830268403,417.302122392659,0.0,0.0,0.0,0.0,0.0,0.0
9.9,2.0954078366266E7,0.753423954256504,2.0E-16,0.0,0.228683337375131,316.76733292579837,28432.0408067405,2.0601246215E-6,0.0,32.1113488596276,-19006.0399755479,1001.56125892576,9.431511093696E-4,675.786058738805,417.414210804534,0.0,0.0,0.0,0.0,0.0,0.0
10.0,2.09540465295331E7,0.776510891759244,2.0E-16,-5.68E-14,0.233326830840141,319.9673270100717,28400.2040738277,2.1232556099E-6,0.0,32.1114465948532,-19198.0396206043,1001.6970903217,9.442403926241E-4,676.750075206432,417.527437627383,0.0,0.0,0.0,0.0,0.0,0.0
10.1,2.09540143728003E7,0.800064465167452,0.0,-5.68E-14,0.238017004517986,323.1673308659483,28368.0473410151,2.1876627732E-6,0.0,32.1115453128961,-19390.0398519569,1001.8342687223,9.453416046914E-4,677.724914335951,417.641802875113,0.0,0.0,0.0,0.0,0.0,0.0
10.2,2.09539818960666E7,0.824089359688514,2.0E-16,-5.68E-14,0.242753858766521,326.36734459120333,28335.5706073269,2.2533589313E-6,0.0,32.1116450137728,-19582.0406754722,1001.97279359109,9.464547756367E-4,678.710611191364,417.757306561712,0.0,0.0,0.0,0.0,0.0,0.0
10.3,2.0953949099331E7,0.848590204705033,0.0,-5.68E-14,0.24753739394704,329.5673682836067,28302.7738717608,2.3203567516E-6,0.0,32.1117456975002,-19774.0420970164,1002.11266438666,9.475799358559E-4,679.707201238393,417.873948701339,0.0,0.0,0.0,0.0,0.0,0.0
10.4,2.09539159825926E7,0.873571685440765,-2.0E-16,0.0,0.252367610425198,332.767402040935,28269.6571333333,2.3886690545E-6,0.0,32.1118473640952,-19966.0441224561,1002.25388056266,9.487171160768E-4,680.714720345862,417.991729308295,0.0,0.0,0.0,0.0,0.0,0.0
10.5,2.09538825458503E7,0.899038449912041,-2.0E-16,0.0,0.257244508570091,335.9674459609667,28236.2203910164,2.4583085587E-6,0.0,32.1119500135749,-20158.046757658,1002.39644156779,9.498663473596E-4,681.73320478721,418.110648397016,0.0,0.0,0.0,0.0,0.0,0.0
10.6,2.0953848789103E7,0.92499523918741,0.0,5.68E-14,0.262168088753352,339.167500141475,28202.4636437967,2.5292882376E-6,0.0,32.1120536459566,-20350.0500084885,1002.54034684572,9.51027661097E-4,682.762691241567,418.230705982,0.0,0.0,0.0,0.0,0.0,0.0
10.7,2.09538147123499E7,0.951446608247351,-2.0E-16,0.0,0.26713835135188,342.367564680245,28168.3868906423,2.6016205561E-6,0.0,32.1121582612577,-20542.0538808147,1002.68559583537,9.52201089018E-4,683.803216797126,418.35190207801,0.0,0.0,0.0,0.0,0.0,0.0
10.8,2.09537803155898E7,0.97839729817133,-2.0E-16,-5.68E-14,0.272155296744881,345.5676396750567,28133.9901305101,2.675318488E-6,0.0,32.1122638594958,-20734.0583805034,1002.83218797063,9.533866631858E-4,684.854818951227,418.474236699887,0.0,0.0,0.0,0.0,0.0,0.0
10.9,2.09537455988216E7,1.00585197560576,-4.0E-16,0.0,0.277218925315237,348.76772522369333,28099.2733623571,2.7503948039E-6,0.0,32.1123704406888,-20926.0635134216,1002.98012268053,9.545844160007E-4,685.917535612518,418.597709862604,0.0,0.0,0.0,0.0,0.0,0.0
11.0,2.09537105620444E7,1.03381526999874,0.0,-5.68E-14,0.282329237449728,351.96782142394,28064.2365851178,2.8268621728E-6,0.0,32.1124780048544,-21118.0692854364,1003.12939938919,9.557943802001E-4,686.991405102787,418.722321581278,0.0,0.0,0.0,0.0,0.0,0.0
11.1,2.0953675205257E7,1.06229186662312,-2.0E-16,-5.68E-14,0.287486233539265,355.16792837358497,28028.8797977156,2.9047334166E-6,0.0,32.112586552011,-21310.0757024151,1003.28001751593,9.570165888606E-4,688.076466159152,418.848071871223,0.0,0.0,0.0,0.0,0.0,0.0
11.2,2.09536395284583E7,1.09128645077362,-4.0E-16,-5.68E-14,0.292689913977297,358.368046170415,27993.2029990777,2.9840213574E-6,0.0,32.1126960821767,-21502.0827702249,1003.43197647506,9.582510753975E-4,689.17275793434,418.974960747779,0.0,0.0,0.0,0.0,0.0,0.0
11.3,2.09536035316474E7,1.12080365189831,-2.0E-16,0.0,0.297940279160944,361.5681749122233,27957.2061881162,3.0647386651E-6,0.0,32.1128065953699,-21694.0904947334,1003.58527567619,9.594978735673E-4,690.280320000397,419.102988226537,0.0,0.0,0.0,0.0,0.0,0.0
11.4,2.0953567214823E7,1.15084815529553,0.0,0.0,0.30323732949123,364.76831469680167,27920.8893637359,3.1468981622E-6,0.0,32.1129180916093,-21886.0988818081,1003.73991452395,9.607570174678E-4,691.399192348776,419.232154323139,0.0,0.0,0.0,0.0,0.0,0.0
11.5,2.0953530577984E7,1.1814246090762,2.0E-16,-1.137E-13,0.308581065373537,367.96846562194503,27884.2525248043,3.2305125698E-6,0.0,32.1130305709136,-22078.1079373167,1003.89589241829,9.620285415403E-4,692.529415393742,419.362459053464,0.0,0.0,0.0,0.0,0.0,0.0
11.6,2.09534936211295E7,1.21253771715782,0.0,-1.137E-13,0.313971487214873,371.16862778544834,27847.2956702299,3.3155947619E-6,0.0,32.1131440333019,-22270.1176671269,1004.05320875418,9.633124805687E-4,693.671029972381,419.493902433418,0.0,0.0,0.0,0.0,0.0,0.0
11.7,2.09534563442581E7,1.24419216486057,2.0E-16,-5.68E-14,0.319408595427514,374.36880128511,27810.0187988691,3.4021575619E-6,0.0,32.113258478793,-22462.1280771066,1004.21186292191,9.646088696829E-4,694.824077348279,419.626484479143,0.0,0.0,0.0,0.0,0.0,0.0
11.8,2.09534187473688E7,1.27639250724678,4.0E-16,-5.68E-14,0.324892390426503,377.56898621873,27772.4219095967,3.4902134372E-6,0.0,32.1133739074064,-22654.1391731238,1004.3718543069,9.659177443581E-4,695.98859921202,419.760205206859,0.0,0.0,0.0,0.0,0.0,0.0
11.9,2.09533808304605E7,1.30914354131891,4.0E-16,-5.68E-14,0.330422872630557,380.76918268411333,27734.5050012469,3.579775517E-6,0.0,32.1134903191615,-22846.1509610468,1004.53318228982,9.672391404168E-4,697.164637683877,419.895064632958,0.0,0.0,0.0,0.0,0.0,0.0
12.0,2.09533425935319E7,1.34244985938858,4.0E-16,-2.274E-13,0.336000042462524,383.96939077906,27696.2680726684,3.6708563709E-6,0.0,32.1136077140778,-23038.1634467436,1004.69584624656,9.685730940299E-4,698.352235315261,420.03106277395,0.0,0.0,0.0,0.0,0.0,0.0
12.1,2.09533040365819E7,1.37631616542057,4.0E-16,-1.705E-13,0.341623900347791,387.1696106013767,27657.711122699,3.7634688742E-6,0.0,32.1137260921751,-23230.1766360826,1004.85984554825,9.699196417172E-4,699.551435090998,420.168199646503,0.0,0.0,0.0,0.0,0.0,0.0
12.2,2.09532651596094E7,1.41074705171922,4.0E-16,-1.137E-13,0.347294446716787,390.369842248875,27618.8341501541,3.8576255972E-6,0.0,32.1138454534733,-23422.1905349325,1005.02517956128,9.712788203497E-4,700.762280431159,420.306475267428,0.0,0.0,0.0,0.0,0.0,0.0
12.3,2.09532259626131E7,1.44574731533066,2.0E-16,-1.705E-13,0.353011682001568,393.57008581936003,27579.6371538527,3.9533396699E-6,0.0,32.1139657979926,-23614.2051491616,1005.1918476473,9.726506671493E-4,701.984815192801,420.445889653655,0.0,0.0,0.0,0.0,0.0,0.0
12.4,2.09531864455918E7,1.48132149275625,4.0E-16,-5.68E-14,0.358775606639008,396.770341410645,27540.1201325915,4.0506235105E-6,0.0,32.1140871257533,-23806.2204846387,1005.35984916323,9.740352196909E-4,703.219083672179,420.586442822261,0.0,0.0,0.0,0.0,0.0,0.0
12.5,2.09531466085444E7,1.51747436244477,2.0E-16,-1.137E-13,0.364586221070562,399.9706091205466,27500.2830851636,4.1494901989E-6,0.0,32.1142094367756,-23998.2365472328,1005.52918346131,9.754325159037E-4,704.465130606874,420.728134790478,0.0,0.0,0.0,0.0,0.0,0.0
12.6,2.09531064514696E7,1.55421047953132,0.0,0.0,0.37044352573864,403.17088904687665,27460.1260103583,4.2499522044E-6,0.0,32.1143327310802,-24190.2533428126,1005.69984988902,9.768425940715E-4,705.723001177358,420.870965575643,0.0,0.0,0.0,0.0,0.0,0.0
12.7,2.09530659743662E7,1.59153458524451,-2.0E-16,-5.68E-14,0.376347521091143,406.37118128745664,27419.6489069387,4.3520225057E-6,0.0,32.1144570086879,-24382.2708772474,1005.87184778921,9.782654928347E-4,706.992741009615,421.014935195265,0.0,0.0,0.0,0.0,0.0,0.0
12.8,2.09530251772329E7,1.62945132778986,2.0E-16,-5.68E-14,0.382298207578515,409.571485940105,27378.8517736867,4.4557138272E-6,0.0,32.1145822696196,-24574.2891564063,1006.04517650009,9.797012511917E-4,708.274396177103,421.160043667012,0.0,0.0,0.0,0.0,0.0,0.0
12.9,2.09529840600685E7,1.66796539259667,4.0E-16,-5.68E-14,0.388295585656469,412.77180310264333,27337.7346093393,4.5610389955E-6,0.0,32.1147085138963,-24766.3081861586,1006.21983535511,9.811499084987E-4,709.568013202011,421.306291008614,0.0,0.0,0.0,0.0,0.0,0.0
13.0,2.09529426228718E7,1.70708140927308,0.0,0.0,0.394339655782125,415.9721328728967,27296.297412645,4.6680106846E-6,0.0,32.1148357415394,-24958.3279723738,1006.39582368312,9.826115044723E-4,710.873639058547,421.453677238002,0.0,0.0,0.0,0.0,0.0,0.0
13.1,2.09529008656415E7,1.74680406327388,0.0,-1.137E-13,0.400430418416959,419.17247534869165,27254.5401823408,4.7766417215E-6,0.0,32.1149639525703,-25150.3485209215,1006.5731408084,9.840860791909E-4,712.191321174709,421.602202373262,0.0,0.0,0.0,0.0,0.0,0.0
13.2,2.09528587883763E7,1.78713800283003,-2.0E-16,-5.68E-14,0.406567874027493,422.3728306278583,27212.4629171453,4.8869448319E-6,0.0,32.1150931470104,-25342.3698376715,1006.75178605054,9.855736730946E-4,713.521107433968,421.751866432587,0.0,0.0,0.0,0.0,0.0,0.0
13.3,2.0952816391075E7,1.828087969232,2.0E-16,-1.137E-13,0.412752023080972,425.57319880822337,27170.0656157806,4.998932996E-6,0.0,32.1152233248817,-25534.3919284934,1006.9317587245,9.870743269871E-4,714.863046177433,421.902669434275,0.0,0.0,0.0,0.0,0.0,0.0
13.4,2.09527736737361E7,1.86965853629953,-4.0E-16,-5.68E-14,0.418982866050591,428.7735799876217,27127.3482769504,5.1126187362E-6,0.0,32.115354486206,-25726.4147992573,1007.11305814069,9.885880820376E-4,716.217186206865,422.05461139682,0.0,0.0,0.0,0.0,0.0,0.0
13.5,2.09527306363585E7,1.91185438953107,-4.0E-16,0.0,0.425260403412092,431.97397426389,27084.310899347,5.228014881E-6,0.0,32.1154866310053,-25918.4384558334,1007.29568360495,9.901149797815E-4,717.583576786299,422.207692338848,0.0,0.0,0.0,0.0,0.0,0.0
13.6,2.09526872789408E7,1.95468027022798,-2.0E-16,-1.137E-13,0.431584635645119,435.17438173486335,27040.9534816555,5.3451344112E-6,0.0,32.115619759302,-26110.4629040918,1007.47963441853,9.916550621215E-4,718.962267644277,422.361912279118,0.0,0.0,0.0,0.0,0.0,0.0
13.7,2.09526436014817E7,1.99814073362722,0.0,-5.68E-14,0.437955563233228,438.37480249838165,26997.2760225571,5.4639897995E-6,0.0,32.1157538711184,-26302.4881499029,1007.66490987812,9.932083713294E-4,720.353308976099,422.517271236517,0.0,0.0,0.0,0.0,0.0,0.0
13.8,2.09525996039799E7,2.04224052108111,4.0E-16,-1.137E-13,0.444373186661832,441.57523665228666,26953.2785207144,5.5845940275E-6,0.0,32.1158889664771,-26494.5141991372,1007.85150927589,9.947749500469E-4,721.75675144621,422.673769230081,0.0,0.0,0.0,0.0,0.0,0.0
13.9,2.09525552864339E7,2.08698429951255,2.0E-16,-5.68E-14,0.450837506422529,444.7756842944217,26908.9609747752,5.7069598737E-6,0.0,32.116025045401,-26686.5410576653,1008.03943189946,9.963548412874E-4,723.172646190499,422.831406278988,0.0,0.0,0.0,0.0,0.0,0.0
14.0,2.09525106488426E7,2.13237669860609,0.0,-1.137E-13,0.457348523008321,447.976145522635,26864.3233834058,5.8311000152E-6,0.0,32.1161621079127,-26878.5687313581,1008.22867703194,9.97948088437E-4,724.601044818497,422.990182402548,0.0,0.0,0.0,0.0,0.0,0.0
14.1,2.09524656912044E7,2.17842240391473,-4.0E-16,-5.68E-14,0.463906236916802,451.1766204347733,26819.3657452166,5.9570272817E-6,0.0,32.1163001540356,-27070.5972260864,1008.41924395197,9.99554735256E-4,726.041999415945,423.150097620228,0.0,0.0,0.0,0.0,0.0,0.0
14.2,2.0952420413518E7,2.22512608237593,-4.0E-16,0.0,0.47051064864902,454.37710912868664,26774.0880588516,6.0847544526E-6,0.0,32.1164391837927,-27262.6265477212,1008.61113193367,0.0010011748258805,727.49556254692,423.311151951628,0.0,0.0,0.0,0.0,0.0,0.0
14.3,2.09523748157821E7,2.27249241955723,-7.0E-16,0.0,0.477161758709703,457.57761170223165,26728.4903229251,6.2142943586E-6,0.0,32.1165791972076,-27454.6567021339,1008.80434024667,0.0010028084048227,728.961787255971,423.473345416452,0.0,0.0,0.0,0.0,0.0,0.0
14.4,2.09523288979952E7,2.3205260452014,-4.0E-16,-1.137E-13,0.483859567606125,460.77812825326,26682.5725360438,6.3456596776E-6,0.0,32.1167201943037,-27646.6876951956,1008.99886815617,0.0010044555169738,730.440727071122,423.636678034577,0.0,0.0,0.0,0.0,0.0,0.0
14.5,2.09522826601559E7,2.3692316262859,-4.0E-16,-5.68E-14,0.490604075850606,463.97865887962996,26636.3346968032,6.4788631901E-6,0.0,32.1168621751049,-27838.7195327778,1009.19471492295,0.0010061162076047,731.932436006292,423.801149826048,0.0,0.0,0.0,0.0,0.0,0.0
14.6,2.09522361022629E7,2.41861390423218,-2.0E-16,-1.705E-13,0.497395283958466,467.179203679205,26589.7768037989,6.6139178801E-6,0.0,32.117005139635,-28030.7522207523,1009.39187980332,0.0010077905223669,733.436968563021,423.966760811005,0.0,0.0,0.0,0.0,0.0,0.0
14.7,2.09521892243147E7,2.46867745298004,-2.0E-16,0.0,0.50423319244848,470.37976274984334,26542.898855593,6.750836274E-6,0.0,32.1171490879181,-28222.7857649906,1009.59036204917,0.0010094785072946,734.954379733417,424.13351100973,0.0,0.0,0.0,0.0,0.0,0.0
14.8,2.09521420263099E7,2.51942695814796,-2.0E-16,0.0,0.511117801842423,473.58033618941334,26495.7008507661,6.8896312039E-6,0.0,32.1172940199784,-28414.8201713648,1009.790160908,0.0010111802088059,736.484725002765,424.301400442666,0.0,0.0,0.0,0.0,0.0,0.0
14.9,2.0952094508247E7,2.57086712396994,-4.0E-16,-5.68E-14,0.518049112667119,476.78092409578005,26448.1827878765,7.0303155532E-6,0.0,32.1174399358404,-28606.8554457468,1009.99127562292,0.0010128956737044,738.028060351797,424.470429130384,0.0,0.0,0.0,0.0,0.0,0.0
15.0,2.09520466701246E7,2.62300261747441,-2.0E-16,-1.705E-13,0.52502712545171,479.98152656681333,26400.3446654602,7.1729021035E-6,0.0,32.1175868355287,-28798.8915940088,1010.19370543268,0.0010146249491801,739.584442259345,424.640597093602,0.0,0.0,0.0,0.0,0.0,0.0
15.1,2.09519985119412E7,2.67583806846596,-4.0E-16,-5.68E-14,0.532051840729022,483.18214370038663,26352.1864820718,7.3174035353E-6,0.0,32.1177347190678,-28990.9286220232,1010.39744957164,0.0010163680828117,741.153927704777,424.811904353169,0.0,0.0,0.0,0.0,0.0,0.0
15.2,2.09519500336953E7,2.72937812539385,-2.0E-16,5.68E-14,0.539123259036246,486.382775594375,26303.7082362323,7.4638325802E-6,0.0,32.1178835864828,-29182.9665356625,1010.60250726981,0.0010181251225672,742.73657417057,424.984350930067,0.0,0.0,0.0,0.0,0.0,0.0
15.3,2.09519012353855E7,2.78362756696878,-7.0E-16,-5.68E-14,0.546241380913348,489.5834223466534,26254.9099264591,7.6122023263E-6,0.0,32.1180334377988,-29375.0053407992,1010.80887775294,0.0010198961168062,744.332439645402,425.157936845459,0.0,0.0,0.0,0.0,0.0,0.0
15.4,2.09518521170103E7,2.83859092999409,-4.0E-16,-1.137E-13,0.553406206904435,492.78408405510504,26205.7915512584,7.7625252004E-6,0.0,32.1181842730409,-29567.0450433063,1011.01656024235,0.0010216811142805,745.941582625679,425.332662120576,0.0,0.0,0.0,0.0,0.0,0.0
15.5,2.09518026785682E7,2.89427299319504,-4.0E-16,-5.68E-14,0.560617737556386,495.98476081760833,26156.3531091473,7.9148142913E-6,0.0,32.1183360922346,-29759.0856490565,1011.22555395514,0.0010234801641367,747.564062119514,425.508526776861,0.0,0.0,0.0,0.0,0.0,0.0
15.6,2.09517529200577E7,2.95067831201959,-2.0E-16,-1.137E-13,0.567875973420905,499.18545273205,26106.594598595,8.0690820775E-6,0.0,32.1184888954054,-29951.127163923,1011.43585810411,0.0010252933159167,749.199937648433,425.685530835858,0.0,0.0,0.0,0.0,0.0,0.0
15.7,2.09517028414771E7,3.00781162800922,-4.0E-16,-5.68E-14,0.575180915052243,502.38615989631666,26056.5160180926,8.2253415467E-6,0.0,32.118642682579,-30143.169593779,1011.64747189774,0.0010271206195596,750.849269250298,425.863674319246,0.0,0.0,0.0,0.0,0.0,0.0
15.8,2.09516524428251E7,3.06567758966411,-4.0E-16,0.0,0.582532563008338,505.5868824082983,26006.1173661053,8.3836054323E-6,0.0,32.1187974537815,-30335.2129444979,1011.86039454031,0.0010289621254037,752.512117482395,426.042957248875,0.0,0.0,0.0,0.0,0.0,0.0
15.9,2.09516017241001E7,3.12428088270462,-4.0E-16,-1.137E-13,0.589930917851037,508.7876203658883,25955.3986410945,8.5438865701E-6,0.0,32.1189532090387,-30527.2572219533,1012.07462523185,0.0010308178841874,754.188543423808,426.223379646725,0.0,0.0,0.0,0.0,0.0,0.0
16.0,2.09515506853005E7,3.18362613705539,-7.0E-16,0.0,0.597375980145878,511.98837386698165,25904.3598415143,8.7061976433E-6,0.0,32.119109948377,-30719.3024320189,1012.2901631681,0.0010326879470508,755.878608677926,426.404941534882,0.0,0.0,0.0,0.0,0.0,0.0
16.1,2.09514993264248E7,3.24371803846588,-7.0E-16,-1.137E-13,0.604867750461175,515.1891430094751,25853.0009657926,8.8705514884E-6,0.0,32.1192676718227,-30911.3485805685,1012.50700754063,0.0010345723655378,757.582375375849,426.587642935603,0.0,0.0,0.0,0.0,0.0,0.0
16.2,2.09514476474714E7,3.30456123549447,-7.0E-16,-1.137E-13,0.612406229369836,518.3899278912667,25801.3220123834,9.0369608402E-6,0.0,32.1194263794025,-31103.395673476,1012.72515753681,0.0010364711915972,759.299906178827,426.771483871278,0.0,0.0,0.0,0.0,0.0,0.0
16.3,2.09513956484387E7,3.36616046974813,-7.0E-16,-1.137E-13,0.619991417447777,521.5907286102633,25749.3229796886,9.2054386885E-6,0.0,32.1195860711429,-31295.4437166158,1012.94461233982,0.0010383844775845,761.031264281211,426.95646436444,0.0,0.0,0.0,0.0,0.0,0.0
16.4,2.09513433293251E7,3.42852031534494,-7.0E-16,0.0,0.627623315273916,524.79154526437,25697.0038661323,9.3759975652E-6,0.0,32.1197467470711,-31487.4927158622,1013.1653711287,0.0010403122762638,762.776513413441,427.14258443778,0.0,0.0,0.0,0.0,0.0,0.0
16.5,2.09512906901291E7,3.49164545809981,-4.0E-16,-1.137E-13,0.635301923432681,527.9923779514917,25644.3646701015,9.5486503082E-6,0.0,32.1199084072139,-31679.5426770895,1013.38743307826,0.0010422546408084,764.535717844176,427.329844114069,0.0,0.0,0.0,0.0,0.0,0.0
16.6,2.0951237730849E7,3.55554060243957,-7.0E-16,-1.137E-13,0.643027242509685,531.1932267695433,25591.4053900018,9.7234098063E-6,0.0,32.1200710515986,-31871.5936061726,1013.61079735928,0.0010442116248042,766.30894238469,427.518243416315,0.0,0.0,0.0,0.0,0.0,0.0
16.7,2.09511844514832E7,3.62021041555999,-4.0E-16,-1.137E-13,0.650799273096048,534.394091816435,25538.1260242052,9.9002888472E-6,0.0,32.1202346802526,-32063.6455089861,1013.8354631383,0.0010461832822492,768.096252389936,427.707782367565,0.0,0.0,0.0,0.0,0.0,0.0
16.8,2.095113085203E7,3.68565952748031,-7.0E-16,-1.137E-13,0.658618015785216,537.5949731900866,25484.5265710949,1.00793001169E-5,0.0,32.1203992932036,-32255.6983914052,1014.06142957783,0.0010481696675569,769.897713762991,427.898460991063,0.0,0.0,0.0,0.0,0.0,0.0
16.9,2.0951076932488E7,3.75189262406274,-9.0E-16,0.0,0.666483471174551,540.795870988415,25430.6070290245,1.02604564547E-5,0.0,32.1205648904791,-32447.7522593049,1014.28869583622,0.0010501708355568,771.713392957036,428.090279310146,0.0,0.0,0.0,0.0,0.0,0.0
17.0,2.09510226928553E7,3.8189143911477,-4.0E-16,0.0,0.674395639865102,543.9967853093433,25376.3673963472,1.04437707E-5,0.0,32.1207314721071,-32639.8071185606,1014.51726106783,0.0010521868414975,773.543356979611,428.283237348376,0.0,0.0,0.0,0.0,0.0,0.0
17.1,2.09509681331303E7,3.88672945878715,-4.0E-16,-2.274E-13,0.682354522461837,547.197716250795,25321.8076714091,1.062925554E-5,0.0,32.1208990381156,-32831.8629750477,1014.74712442292,0.0010542177410472,775.387673394388,428.477335129404,0.0,0.0,0.0,0.0,0.0,0.0
17.2,2.09509132533114E7,3.95534251286881,-4.0E-16,0.0,0.69036011957296,550.3986639106984,25266.9278525412,1.0816923815E-5,0.0,32.121067588533,-33023.9198346419,1014.97828504762,0.0010562635902947,777.246410324092,428.672572676962,0.0,0.0,0.0,0.0,0.0,0.0
17.3,2.0950858053397E7,4.02475823928762,-7.0E-16,-1.137E-13,0.698412431809908,553.5996283869833,25211.7279380671,1.10067883656E-5,0.0,32.1212371233875,-33215.977703219,1015.21074208414,0.0010583244457534,779.119636455093,428.868950015019,0.0,0.0,0.0,0.0,0.0,0.0
17.4,2.09508025333852E7,4.0949812681174,-7.0E-16,-1.137E-13,0.70651145978872,556.8006097775833,25156.2079262994,1.11988618801E-5,0.0,32.1214076427077,-33408.036586655,1015.44449467069,0.0010604003643619,781.007421039493,429.066467167677,0.0,0.0,0.0,0.0,0.0,0.0
17.5,2.09507466932744E7,4.16601626667761,-4.0E-16,-2.274E-13,0.714657204127533,560.0016081804333,25100.3678155429,1.13931571489E-5,0.0,32.1215791465223,-33600.096490826,1015.67954194136,0.0010624914034845,782.909833897761,429.265124159114,0.0,0.0,0.0,0.0,0.0,0.0
17.6,2.09506905330629E7,4.23786793951876,-4.0E-16,-1.137E-13,0.722849665449087,563.2026236934732,25044.2076040916,1.15896870647E-5,0.0,32.1217516348603,-33792.1574216084,1015.91588302633,0.0010645976209148,784.826945422625,429.464921013669,0.0,0.0,0.0,0.0,0.0,0.0
17.7,2.09506340527491E7,4.31054095395666,-7.0E-16,-1.137E-13,0.731088844379354,566.403656414645,24987.7272902317,1.17884644187E-5,0.0,32.1219251077507,-33984.2193848787,1016.15351705174,0.0010667190748763,786.758826582008,429.66585775581,0.0,0.0,0.0,0.0,0.0,0.0
17.8,2.0950577252331E7,4.38403994013424,-4.0E-16,0.0,0.739374741548458,569.6047064418916,24930.9268722347,1.19895019006E-5,0.0,32.1220995652226,-34176.2823865135,1016.39244313997,0.001068855824026,788.705548923373,429.867934410258,0.0,0.0,0.0,0.0,0.0,0.0
17.9,2.09505201318072E7,4.45836958402287,0.0,-1.137E-13,0.747707357589075,572.8057738731634,24873.8063483685,1.21928123534E-5,0.0,32.1222750073056,-34368.3464323898,1016.63266040922,0.001071007927453,790.667184574285,430.071151001706,0.0,0.0,0.0,0.0,0.0,0.0
18.0,2.09504626911757E7,4.53353457161938,-7.0E-16,-1.137E-13,0.756086693138711,576.0068588064083,24816.3657168783,1.23984086203E-5,0.0,32.1224514340291,-34560.4115283845,1016.8741679739,0.0010731754446832,792.643806248199,430.275507555084,0.0,0.0,0.0,0.0,0.0,0.0
18.1,2.09504049304348E7,4.60953953307398,-4.0E-16,-1.137E-13,0.764512748837657,579.20796133958,24758.604976017,1.26063033923E-5,0.0,32.1226288454229,-34752.4776803748,1017.11696494453,0.0010753584356802,794.635487246869,430.481004095468,0.0,0.0,0.0,0.0,0.0,0.0
18.2,2.09503468495828E7,4.68638915439805,-7.0E-16,-1.137E-13,0.772985525328758,582.409081570635,24700.5241240188,1.28165095132E-5,0.0,32.1228072415168,-34944.5448942381,1017.36105042762,0.0010775569608461,796.642301462869,430.687640647999,0.0,0.0,0.0,0.0,0.0,0.0
18.3,2.09502884486178E7,4.76408810300199,-7.0E-16,0.0,0.781505023261055,585.6102195975333,24642.1231591105,1.30290397767E-5,0.0,32.122986622341,-35136.613175852,1017.60642352593,0.0010797710810253,798.664323384476,430.895417238043,0.0,0.0,0.0,0.0,0.0,0.0
18.4,2.09502297275382E7,4.84264106493719,-4.0E-16,-1.137E-13,0.790071243284781,588.8113755182367,24583.4020795039,1.32439070276E-5,0.0,32.1231669879255,-35328.6825310942,1017.85308333834,0.0010820008575051,800.701628098,431.104333891083,0.0,0.0,0.0,0.0,0.0,0.0
18.5,2.09501706863421E7,4.92205267040844,-7.0E-16,0.0,0.798684186055455,592.0125494307117,24524.3608834035,1.34611239583E-5,0.0,32.1233483383009,-35520.7529658427,1018.10102895983,0.0010842463520172,802.754291291039,431.314390632709,0.0,0.0,0.0,0.0,0.0,0.0
18.6,2.09501113250277E7,5.00232756827244,-4.0E-16,0.0,0.8073438522307,595.213741432925,24464.9995690099,1.36807033126E-5,0.0,32.1235306734976,-35712.8244859755,1018.35025948158,0.0010865076267407,804.822389256413,431.525587488669,0.0,0.0,0.0,0.0,0.0,0.0
18.7,2.09500516435932E7,5.08347051902455,-4.0E-16,-2.274E-13,0.816050242472061,598.4149516228483,24405.3181345127,1.39026581401E-5,0.0,32.1237139935464,-35904.8970973709,1018.60077399098,0.0010887847443033,806.905998895469,431.737924484854,0.0,0.0,0.0,0.0,0.0,0.0
18.8,2.09499916420367E7,5.16548611571488,-4.0E-16,-1.137E-13,0.82480335744614,601.6161800984551,24345.3165780752,1.41270010328E-5,0.0,32.1238982984782,-36096.9708059073,1018.85257157161,0.0010910777677835,809.005197721554,431.951401647303,0.0,0.0,0.0,0.0,0.0,0.0
18.9,2.09499313203565E7,5.24837906305401,-7.0E-16,-1.137E-13,0.833603197820965,604.8174269577266,24284.9948978759,1.43537448882E-5,0.0,32.124083588324,-36289.0456174636,1019.10565130328,0.0010933867607124,811.12006386338,432.166019002185,0.0,0.0,0.0,0.0,0.0,0.0
19.0,2.09498706785507E7,5.33215399133041,-2.0E-16,-1.137E-13,0.84244976426962,608.0186922986383,24224.3530920743,1.45829024009E-5,0.0,32.124269863115,-36481.1215379183,1019.36001226203,0.0010957117870758,813.250676068672,432.381776575814,0.0,0.0,0.0,0.0,0.0,0.0
19.1,2.09498097166174E7,5.41681558666823,0.0,-1.137E-13,0.851343057468207,611.2199762191783,24163.3911588005,1.48144864185E-5,0.0,32.1244571228826,-36673.1985731507,1019.61565352018,0.0010980529113158,815.39711370772,432.598674394649,0.0,0.0,0.0,0.0,0.0,0.0
19.2,2.09497484345548E7,5.5023684979933,-2.0E-16,-1.137E-13,0.860283078096522,614.4212788173317,24102.1090962067,1.50485096871E-5,0.0,32.1246453676584,-36865.2767290399,1019.87257414626,0.0011004101983328,817.559456776564,432.816712485255,0.0,0.0,0.0,0.0,0.0,0.0
19.3,2.09496868323609E7,5.58881746729093,-4.0E-16,-1.137E-13,0.869269826838287,617.6226001910884,24040.5069024115,1.5284985208E-5,0.0,32.1248345974741,-37057.3560114653,1020.13077320518,0.0011027837134884,819.737785901645,433.035890874407,0.0,0.0,0.0,0.0,0.0,0.0
19.4,2.0949624910034E7,5.67616705045657,-4.0E-16,-1.137E-13,0.878303304379783,620.8239404384417,23978.5845755375,1.55239254736E-5,0.0,32.1250248123616,-37249.4364263065,1020.39024975802,0.0011051735226054,821.932182341602,433.256209588909,0.0,0.0,0.0,0.0,0.0,0.0
19.5,2.09495626675722E7,5.76442198950462,-2.0E-16,-1.137E-13,0.887383511412354,624.0252996573867,23916.3421136885,1.57653434858E-5,0.0,32.1252160123528,-37441.5179794432,1020.65100286237,0.0011075796919729,824.142727993698,433.477668655865,0.0,0.0,0.0,0.0,0.0,0.0
19.6,2.09495001049734E7,5.85358693341186,-4.0E-16,-1.137E-13,0.896510448629224,627.2266779459267,23853.7795149684,1.60092519925E-5,0.0,32.1254081974801,-37633.6006767556,1020.91303157197,0.0011100022883446,826.369505394207,433.700268102354,0.0,0.0,0.0,0.0,0.0,0.0
19.7,2.09494372222359E7,5.94366656838246,-4.0E-16,-1.137E-13,0.905684116728678,630.42807540206,23790.8967774659,1.62556638438E-5,0.0,32.1256013677758,-37825.6845241236,1021.17633493703,0.0011124413789439,828.612597724911,433.924007955706,0.0,0.0,0.0,0.0,0.0,0.0
19.8,2.09493740193576E7,6.03466552482859,-9.0E-16,-1.137E-13,0.914904516412018,633.629492123795,23727.6938992403,1.65045917375E-5,0.0,32.1257955232725,-38017.7695274277,1021.44091200409,0.0011148970314643,830.872088815254,434.148888243342,0.0,0.0,0.0,0.0,0.0,0.0
19.9,2.09493104963368E7,6.12658848898354,-1.1E-15,0.0,0.924171648383336,636.83092820914,23664.1708783917,1.67560485245E-5,0.0,32.1259906640028,-38209.8556925484,1021.70676181606,0.0011173693140718,833.148063146652,434.37490899283,0.0,0.0,0.0,0.0,0.0,0.0
20.0,2.09492466531713E7,6.21944014708424,-1.1E-15,-1.137E-13,0.933485513352017,640.0323837561083,23600.327712953,1.70100470562E-5,0.0,32.1261867899997,-38401.9430253665,1021.97388341227,0.0011198582954075,835.440605856291,434.602070231881,0.0,0.0,0.0,0.0,0.0,0.0
20.1,2.09491824898593E7,6.31322512959377,-9.0E-16,-1.137E-13,0.942846112029551,643.233858862715,23536.1644009836,1.72666000316E-5,0.0,32.1263839012962,-38594.0315317629,1022.24227582852,0.0011223640445891,837.749802741234,434.83037198838,0.0,0.0,0.0,0.0,0.0,0.0
20.2,2.09491180063988E7,6.40794812277454,-1.1E-15,1.137E-13,0.952253445132041,646.4353536269767,23471.68094052,1.7525720303E-5,0.0,32.1265819979256,-38786.1212176186,1022.51193809693,0.0011248866312128,840.075740261204,435.059814290274,0.0,0.0,0.0,0.0,0.0,0.0
20.3,2.09490532027879E7,6.50361377570516,-1.3E-15,-1.137E-13,0.961707513377696,649.6368681469216,23406.8773296028,1.77874206211E-5,0.0,32.1267810799211,-38978.2120888153,1022.78286924618,0.0011274261253563,842.418505543824,435.290397165712,0.0,0.0,0.0,0.0,0.0,0.0
20.4,2.09489880790245E7,6.60022683052739,-9.0E-16,-1.137E-13,0.971208317490476,652.8384025205717,23341.7535662353,1.80517139917E-5,0.0,32.1269811473164,-39170.3041512343,1023.05506830139,0.0011299825975803,844.778186387995,435.522120642986,0.0,0.0,0.0,0.0,0.0,0.0
20.5,2.09489226351066E7,6.69779184329672,-9.0E-16,-1.137E-13,0.980755858195765,656.039956845955,23276.3096484392,1.83186129121E-5,0.0,32.1271822001451,-39362.3974107573,1023.32853428413,0.0011325561189306,847.154871267447,435.754984750494,0.0,0.0,0.0,0.0,0.0,0.0
20.6,2.09488568710324E7,6.79631355618767,-9.0E-16,-1.137E-13,0.990350136224472,659.241531221105,23210.5455741994,1.85881303889E-5,0.0,32.1273842384412,-39554.4918732663,1023.60326621256,0.0011351467609408,849.548649335527,435.988989516819,0.0,0.0,0.0,0.0,0.0,0.0
20.7,2.09487907867997E7,6.89579663692347,-7.0E-16,0.0,0.999991152309385,662.4431257440599,23144.4613415189,1.88602792255E-5,0.0,32.1275872622387,-39746.5875446436,1023.87926310123,0.0011377545956333,851.95961042799,436.224134970609,0.0,0.0,0.0,0.0,0.0,0.0
20.8,2.09487243824065E7,6.99624571607273,-7.0E-16,-1.137E-13,1.00967890718768,665.644740512855,23078.0569483749,1.91350721242E-5,0.0,32.1277912715718,-39938.6844307713,1024.15652396136,0.0011403796955232,854.387845068805,436.46042114075,0.0,0.0,0.0,0.0,0.0,0.0
20.9,2.09486576578508E7,7.09766547998515,-7.0E-16,-1.137E-13,1.01941340160046,668.8463756255334,23011.3323927372,1.94125219401E-5,0.0,32.1279962664749,-40130.782537532,1024.43504780062,0.0011430221336186,856.833444472186,436.697848056168,0.0,0.0,0.0,0.0,0.0,0.0
21.0,2.09485906131306E7,7.20006059647494,-9.0E-16,0.0,1.02919463629163,672.0480311801433,22944.2876725718,1.96926414781E-5,0.0,32.1282022469825,-40322.8818708086,1024.71483362335,0.0011456819834249,859.296500548874,436.93641574604,0.0,0.0,0.0,0.0,0.0,0.0
21.1,2.09485232482438E7,7.30343575194274,-7.0E-16,-2.274E-13,1.03902261200901,675.2497072747317,22876.9227858185,1.99754435944E-5,0.0,32.1284092131294,-40514.9824364839,1024.99588043035,0.0011483593189446,861.777105907811,437.176124239555,0.0,0.0,0.0,0.0,0.0,0.0
21.2,2.09484555631884E7,7.40779557698624,-4.0E-16,-1.137E-13,1.0488973295046,678.4514040073534,22809.2377304285,2.02609409928E-5,0.0,32.1286171649504,-40707.0842404412,1025.27818721915,0.001151054214682,864.275353862764,437.416973566154,0.0,0.0,0.0,0.0,0.0,0.0
21.3,2.09483875579622E7,7.51314475805338,-2.0E-16,-2.274E-13,1.05881878953318,681.6531214760633,22741.2325043231,2.05491465305E-5,0.0,32.1288261024806,-40899.1872885638,1025.56175298381,0.0011537667456434,866.791338434602,437.658963755343,0.0,0.0,0.0,0.0,0.0,0.0
21.4,2.09483192325633E7,7.61948798159937,-4.0E-16,0.0,1.06878699285301,684.8548597789234,22672.9071054272,2.0840073065E-5,0.0,32.1290360257551,-41091.2915867354,1025.84657671514,0.0011564969873413,869.325154357169,437.902094836852,0.0,0.0,0.0,0.0,0.0,0.0
21.5,2.09482505869895E7,7.72682987825828,-2.0E-16,-1.137E-13,1.07880194022629,688.0566190139933,22604.2615316733,2.11337333016E-5,0.0,32.1292469348095,-41283.3971408396,1026.13265740046,0.0011592450157943,871.876897079478,438.14636684044,0.0,0.0,0.0,0.0,0.0,0.0
21.6,2.09481816212387E7,7.83517511594254,-7.0E-16,-2.274E-13,1.08886363241937,691.2583992793417,22535.2957809269,2.14301400478E-5,0.0,32.1294588296792,-41475.5039567605,1026.41999402388,0.0011620109075317,874.446662772201,438.391779796101,0.0,0.0,0.0,0.0,0.0,0.0
21.7,2.09481123353089E7,7.94452839971927,-4.0E-16,-2.274E-13,1.09897207020117,694.46020067304,22466.0098511092,2.17293062134E-5,0.0,32.1296717104,-41667.6120403824,1026.70858556613,0.0011647947395945,877.034548330333,438.638333733908,0.0,0.0,0.0,0.0,0.0,0.0
21.8,2.09480427291978E7,8.05489439751545,-4.0E-16,0.0,1.10912725434479,697.6620232931633,22396.4037400893,2.20312446068E-5,0.0,32.1298855770076,-41859.7213975898,1026.99843100468,0.0011675965895381,879.640651378512,438.886028684109,0.0,0.0,0.0,0.0,0.0,0.0
21.9,2.09479728029034E7,8.16627774004155,-2.0E-16,-2.274E-13,1.11932918562679,700.863867237785,22326.4774457402,2.23359679353E-5,0.0,32.1301004295382,-42051.8320342671,1027.28952931375,0.001170416535435,882.26507027527,439.134864677106,0.0,0.0,0.0,0.0,0.0,0.0
22.0,2.09479025564236E7,8.27868311384372,-4.0E-16,0.0,1.12957786482721,704.0657326049883,22256.2309659272,2.26434890592E-5,0.0,32.130316268028,-42243.9439562993,1027.58187946422,0.0011732546558757,884.907904116467,439.38484174337,0.0,0.0,0.0,0.0,0.0,0.0
22.1,2.09478319897561E7,8.39211518686352,0.0,-1.137E-13,1.13987329272981,707.2676194928567,22185.6642985083,2.29538207882E-5,0.0,32.1305330925134,-42436.0571695714,1027.8754804238,0.0011761110299734,887.569252741416,439.635959913596,0.0,0.0,0.0,0.0,0.0,0.0
22.2,2.09477611028989E7,8.50657860850333,-4.0E-16,-3.411E-13,1.1502154701225,710.4695279994817,22114.7774413116,2.3266975882E-5,0.0,32.1307509030309,-42628.1716799689,1028.17033115698,0.0011789857373646,890.249216736109,439.888219218584,0.0,0.0,0.0,0.0,0.0,0.0
22.3,2.09476898958497E7,8.62207812112319,-2.0E-16,-1.137E-13,1.16060439779532,713.6714582229532,22043.5703921839,2.35829673548E-5,0.0,32.1309696996173,-42820.2874933772,1028.46643062501,0.001181878858212,892.947897438292,440.141619689293,0.0,0.0,0.0,0.0,0.0,0.0
22.4,2.09476183686064E7,8.73861828113149,-4.0E-16,-2.274E-13,1.17104007654338,716.8734102613666,21972.0431489385,2.39018077127E-5,0.0,32.1311894823093,-43012.404615682,1028.76377778592,0.0011847904732064,895.665396941022,440.396161356748,0.0,0.0,0.0,0.0,0.0,0.0
22.5,2.09475465211668E7,8.85620383094647,-7.0E-16,-1.137E-13,1.18152250716435,720.0753842128216,21900.1957093961,2.42235099709E-5,0.0,32.1314102511441,-43204.5230527693,1029.06237159466,0.0011877206635709,898.401818099365,440.651844252238,0.0,0.0,0.0,0.0,0.0,0.0
22.6,2.09474743535287E7,8.97483942002145,-4.0E-16,-1.137E-13,1.19205169046008,723.2773801754199,21828.0280713625,2.45480868909E-5,0.0,32.1316320061589,-43396.6428105252,1029.36221100294,0.0011906695110608,901.157264532467,440.908668407077,0.0,0.0,0.0,0.0,0.0,0.0
22.7,2.09474018656899E7,9.09452973497536,-4.0E-16,0.0,1.20262762723567,726.4793982472717,21755.5402326248,2.48755513362E-5,0.0,32.1318547473911,-43588.7638948363,1029.66329495935,0.0011936370979681,903.931840630042,441.166633852781,0.0,0.0,0.0,0.0,0.0,0.0
22.8,2.09473290576482E7,9.21527940668602,-7.0E-16,-1.137E-13,1.21325031829993,729.6814385264832,21682.7321909815,2.52059160184E-5,0.0,32.1320784748782,-43780.886311589,1029.96562240936,0.0011966235071228,906.725651556056,441.425740620968,0.0,0.0,0.0,0.0,0.0,0.0
22.9,2.09472559294014E7,9.3370931218451,-9.0E-16,-1.137E-13,1.22391976446606,732.8835011111717,21609.6039441786,2.55391938021E-5,0.0,32.1323031886579,-43973.0100666703,1030.26919229539,0.0011996288218965,909.538803254585,441.685988743469,0.0,0.0,0.0,0.0,0.0,0.0
23.0,2.09471824809471E7,9.45997554853966,-9.0E-16,-2.274E-13,1.23463596654961,736.0855860994517,21536.1554899998,2.58753975014E-5,0.0,32.1325288887681,-44165.1351659671,1030.57400355674,0.0012026531262039,912.371402453283,441.947378252206,0.0,0.0,0.0,0.0,0.0,0.0
23.1,2.09471087122833E7,9.58393137348321,-7.0E-16,-2.274E-13,1.24539892536963,739.28769358945,21462.3868262097,2.62145399819E-5,0.0,32.1327555752469,-44357.261615367,1030.88005512959,0.001205696504505,915.223556668298,442.20990917921,0.0,0.0,0.0,0.0,0.0,0.0
23.2,2.09470346234076E7,9.70896522761177,-4.0E-16,0.0,1.25620864174954,742.4898236792867,21388.297950536,2.65566339571E-5,0.0,32.1329832481325,-44549.3894207572,1031.18734594714,0.0012087590418091,918.095374210102,442.473581556707,0.0,0.0,0.0,0.0,0.0,0.0
23.3,2.09469602143177E7,9.83508177907788,-7.0E-16,0.0,1.26706511651694,745.691976467095,21313.8888607174,2.69016922428E-5,0.0,32.1332119074633,-44741.5185880257,1031.49587493949,0.001211840823676,920.986964187188,442.738395417017,0.0,0.0,0.0,0.0,0.0,0.0
23.4,2.09468854850114E7,9.96228577046713,-2.0E-16,-1.137E-13,1.27796835050155,748.894152051005,21239.1595544815,2.72497278586E-5,0.0,32.1334415532778,-44933.6491230603,1031.80564103381,0.0012149419362197,923.89843651226,443.004350792671,0.0,0.0,0.0,0.0,0.0,0.0
23.5,2.09468104354864E7,10.0905817583043,-4.0E-16,-1.137E-13,1.28891834453703,752.0963505291567,21164.1100295484,2.76007533158E-5,0.0,32.1336721856147,-45125.7810317494,1032.11664315416,0.0012180624661094,926.829901905277,443.271447716239,0.0,0.0,0.0,0.0,0.0,0.0
23.6,2.09467350657404E7,10.2199744852187,-2.0E-16,-3.411E-13,1.29991509946167,755.2985719996867,21088.7402836158,2.79547816353E-5,0.0,32.1339038045129,-45317.9143199812,1032.42888022174,0.0012212025005741,929.781471900578,443.539686220531,0.0,0.0,0.0,0.0,0.0,0.0
23.7,2.09466593757711E7,10.3504686008309,-4.0E-16,-1.137E-13,1.31095861611655,758.500816560745,21013.0503143779,2.83118255838E-5,0.0,32.1341364100116,-45510.0489936447,1032.74235115471,0.0012243621274038,932.753258850431,443.80906633846,0.0,0.0,0.0,0.0,0.0,0.0
23.8,2.09465833655762E7,10.4820687919636,-4.0E-16,-1.137E-13,1.32204889534603,761.703084310475,20937.0401195287,2.86718980305E-5,0.0,32.1343700021498,-45702.1850586285,1033.05705486827,0.001227541434952,935.745375930059,444.079588103048,0.0,0.0,0.0,0.0,0.0,0.0
23.9,2.09465070351533E7,10.6147796896912,-4.0E-16,-1.137E-13,1.33318593799887,764.9053753470333,20860.7096967436,2.90350116924E-5,0.0,32.134604580967,-45894.322520822,1033.37299027475,0.0012307405121395,938.75793714358,444.351251547499,0.0,0.0,0.0,0.0,0.0,0.0
24.0,2.09464303845002E7,10.7486059808143,0.0,1.137E-13,1.34436974492637,768.1076897685733,20784.0590436831,2.94011794394E-5,0.0,32.1348401465028,-46086.4613861144,1033.6901562835,0.0012339594484558,941.791057328228,444.624056705124,0.0,0.0,0.0,0.0,0.0,0.0
24.1,2.09463534136145E7,10.8835523522793,-2.0E-16,-1.137E-13,1.35560031698473,771.3100276732566,20707.0881580077,2.97704141423E-5,0.0,32.1350766987969,-46278.6016603954,1034.00855180108,0.0012371983339634,944.844852160674,444.898003609447,0.0,0.0,0.0,0.0,0.0,0.0
24.2,2.09462761224937E7,11.0196234351533,-2.0E-16,-3.411E-13,1.3668776550327,774.5123891592467,20629.797037363,3.01427285196E-5,0.0,32.1353142378891,-46470.7433495548,1034.32817573101,0.0012404572592979,947.919438159987,445.173092294003,0.0,0.0,0.0,0.0,0.0,0.0
24.3,2.09461985111357E7,11.1568238977561,-4.0E-16,-2.274E-13,1.37820175993322,777.7147743247133,20552.1856793835,3.05181353921E-5,0.0,32.1355527638195,-46662.8864594828,1034.64902697412,0.0012437363156737,951.014932695791,445.449322792605,0.0,0.0,0.0,0.0,0.0,0.0
24.4,2.09461205795379E7,11.2951584456168,0.0,0.0,1.38957263255249,780.9171832678282,20474.2540817037,3.08966476827E-5,0.0,32.1357922766284,-46855.0309960697,1034.97110442829,0.0012470355948846,954.131453991009,445.726695139121,0.0,0.0,0.0,0.0,0.0,0.0
24.5,2.09460423276981E7,11.4346317657182,-4.0E-16,-3.411E-13,1.40099027376042,784.1196160867668,20396.0022419393,3.12782782643E-5,0.0,32.136032776356,-47047.176965206,1035.2944069886,0.001250355189307,957.269121128325,446.005209367575,0.0,0.0,0.0,0.0,0.0,0.0
24.6,2.09459637556138E7,11.5752484333716,-2.0E-16,0.0,1.41245468443042,787.3220728797083,20317.4301576912,3.16630397047E-5,0.0,32.1362742630431,-47239.3243727825,1035.61893354733,0.0012536951919034,960.428054055516,446.284865512151,0.0,0.0,0.0,0.0,0.0,0.0
24.7,2.09458848632826E7,11.7170131914244,-4.0E-16,0.0,1.42396586544006,790.5245537448401,20238.5378265567,3.20509450305E-5,0.0,32.1365167367303,-47431.4732246904,1035.94468299399,0.0012570556962246,963.608373590504,446.565663607166,0.0,0.0,0.0,0.0,0.0,0.0
24.8,2.0945805650702E7,11.8599307082186,0.0,-1.137E-13,1.43552381766905,793.7270587803466,20159.3252461329,3.24420070648E-5,0.0,32.1367601974584,-47623.6235268208,1036.27165421527,0.001260436796412,966.810201426765,446.847603687068,0.0,0.0,0.0,0.0,0.0,0.0
24.9,2.09457261178698E7,12.0040056150173,-4.0E-16,-2.274E-13,1.44712854200242,796.9295880844251,20079.7924139946,3.28362385301E-5,0.0,32.1370046452687,-47815.7752850655,1036.59984609514,0.0012638385872014,970.033660138906,447.130685786452,0.0,0.0,0.0,0.0,0.0,0.0
25.0,2.09456462647835E7,12.1492425988399,0.0,-1.137E-13,1.45878003932799,800.1321417552683,19999.9393277056,3.32336523015E-5,0.0,32.1372500802022,-48007.9285053161,1036.92925751485,0.0012672611639256,973.278873188449,447.414909940082,0.0,0.0,0.0,0.0,0.0,0.0
25.1,2.09455660914405E7,12.2956463281589,-4.0E-16,0.0,1.47047831053686,803.3347198910766,19919.7659848257,3.36342612042E-5,0.0,32.1374965023004,-48200.0831934646,1037.25988735286,0.0012707046225161,976.545964928131,447.700276182792,0.0,0.0,0.0,0.0,0.0,0.0
25.2,2.09454855978385E7,12.4432214900225,-7.0E-16,-2.274E-13,1.48222335652476,806.5373225900566,19839.2723829075,3.40380781145E-5,0.0,32.1377439116049,-48392.2393554034,1037.59173448504,0.0012741690595078,979.835060609422,447.986784549653,0.0,0.0,0.0,0.0,0.0,0.0
25.3,2.0945404783975E7,12.5919727157452,-9.0E-16,-2.274E-13,1.49401517818978,809.7399499504166,19758.4585194848,3.44451157567E-5,0.0,32.1379923081573,-48584.396997025,1037.92479778445,0.0012776545720401,983.146286385999,448.274435075786,0.0,0.0,0.0,0.0,0.0,0.0
25.4,2.09453236498475E7,12.7419046738214,-9.0E-16,-2.274E-13,1.50585377643394,812.9426020703701,19677.3243920914,3.48553869576E-5,0.0,32.1382416919996,-48776.5561242222,1038.25907612149,0.0012811612578603,986.479769320276,448.563227796449,0.0,0.0,0.0,0.0,0.0,0.0
25.5,2.09452421954535E7,12.8930220699767,-7.0E-16,-1.137E-13,1.51773915216371,816.145279048135,19595.8699982427,3.5268904646E-5,0.0,32.1384920631738,-48968.7167428881,1038.59456836404,0.0012846892153283,989.835637390456,448.853162747148,0.0,0.0,0.0,0.0,0.0,0.0
25.6,2.09451604207907E7,13.0453295727784,-4.0E-16,0.0,1.52967130628809,819.3479809819283,19514.0953354537,3.56856816497E-5,0.0,32.1387434217222,-49160.8788589157,1038.93127337727,0.0012882385434169,993.214019494103,449.144239963457,0.0,0.0,0.0,0.0,0.0,0.0
25.7,2.09450783258563E7,13.1988318135554,-2.0E-16,-1.137E-13,1.54165023972029,822.55070796998,19432.0004012174,3.6105730695E-5,0.0,32.1389957676872,-49353.0424781988,1039.26919002372,0.0012918093417162,996.615045454955,449.436459481108,0.0,0.0,0.0,0.0,0.0,0.0
25.8,2.0944995910648E7,13.3535334795306,-2.0E-16,-3.411E-13,1.5536759533768,825.75346011052,19349.5851930156,3.65290646619E-5,0.0,32.1392491011112,-49545.2076066312,1039.60831716335,0.0012954017104357,1000.03884602826,449.729821335952,0.0,0.0,0.0,0.0,0.0,0.0
25.9,2.09449131751633E7,13.5094392392566,-4.0E-16,-1.137E-13,1.5657484481785,828.9562375017783,19266.8497083447,3.69556963796E-5,0.0,32.1395034220372,-49737.3742501067,1039.94865365348,0.0012990157504076,1003.48555290643,450.024325563947,0.0,0.0,0.0,0.0,0.0,0.0
26.0,2.09448301193995E7,13.6665537427834,0.0,-2.274E-13,1.5778677250484,832.1590402419966,19183.7939446717,3.73856386271E-5,0.0,32.1397587305078,-49929.5424145198,1040.29019834896,0.0013026515630907,1006.95529872634,450.319972201274,0.0,0.0,0.0,0.0,0.0,0.0
26.1,2.09447467433542E7,13.824881733155,-4.0E-16,-1.137E-13,1.59003378491415,835.3618684294183,19100.4178994521,3.78189044386E-5,0.0,32.1400150265664,-50121.7121057651,1040.63295010209,0.0013063092505728,1010.44821707411,450.61676128425,0.0,0.0,0.0,0.0,0.0,0.0
26.2,2.09446630470247E7,13.9844277860029,-2.0E-16,-3.411E-13,1.6022466287069,838.5647221622866,19016.7215701341,3.82555063905E-5,0.0,32.1402723102559,-50313.8833297372,1040.97690776253,0.0013099889155721,1013.96444249001,450.914692849229,0.0,0.0,0.0,0.0,0.0,0.0
26.3,2.09445790304087E7,14.145196588608,0.0,-1.137E-13,1.61450625736132,841.767601538855,18932.7049541696,3.86954573655E-5,0.0,32.14053058162,-50506.0560923313,1041.32207017763,0.0013136906614436,1017.50411047753,451.213766932869,0.0,0.0,0.0,0.0,0.0,0.0
26.4,2.09444946935034E7,14.307192846878,-2.0E-16,-1.137E-13,1.62681267181554,844.9705066573783,18848.3680489696,3.91387702975E-5,0.0,32.1407898407021,-50698.2303994427,1041.66843619199,0.0013174145921782,1021.06735750524,451.513983571777,0.0,0.0,0.0,0.0,0.0,0.0
26.5,2.09444100363062E7,14.4704212295109,-4.0E-16,-2.274E-13,1.63916587301167,848.1734376161149,18763.710851971,3.95854580191E-5,0.0,32.1410500875459,-50890.4062569669,1042.016004648,0.00132116081241,1024.65432101751,451.815342802903,0.0,0.0,0.0,0.0,0.0,0.0
26.6,2.09443250588147E7,14.634886368025,0.0,-3.411E-13,1.65156586189464,851.3763945133334,18678.733360581,4.00355332619E-5,0.0,32.1413113221954,-51082.5836708,1042.36477438536,0.001324929427415,1028.26513943599,452.117844663146,0.0,0.0,0.0,0.0,0.0,0.0
26.7,2.09442397610262E7,14.8005929497885,0.0,0.0,1.66401263941379,854.5793774472984,18593.4355722032,4.04890089108E-5,0.0,32.1415735446947,-51274.7626468379,1042.7147442415,0.0013287205431181,1031.89995216977,452.421489189693,0.0,0.0,0.0,0.0,0.0,0.0
26.8,2.09441541429381E7,14.9675456621625,0.0,-3.411E-13,1.67650620652171,857.7823865162833,18507.8174842223,4.09458978509E-5,0.0,32.141836755088,-51466.943190977,1043.06591305133,0.0013325342660935,1035.55889961885,452.726276419788,0.0,0.0,0.0,0.0,0.0,0.0
26.9,2.09440682045478E7,15.1357491367234,2.0E-16,-2.274E-13,1.68904656417431,860.985421818565,18421.8790940232,4.14062128156E-5,0.0,32.1421009534197,-51659.1253091139,1043.41827964744,0.0013363707035698,1039.24212318218,453.032206390884,0.0,0.0,0.0,0.0,0.0,0.0
27.0,2.09439819458527E7,15.3052080608904,-2.0E-16,0.0,1.70163371333187,864.1884834524267,18335.6203989796,4.18699666914E-5,0.0,32.1423661397344,-51851.3090071456,1043.77184285992,0.001340229963431,1042.94976526213,453.339279140489,0.0,0.0,0.0,0.0,0.0,0.0
27.1,2.094389536685E7,15.4759270848881,0.0,-3.411E-13,1.71426765495752,867.391571516155,18249.0413964539,4.23371722636E-5,0.0,32.1426323140767,-52043.4942909693,1044.12660151659,0.0013441121542219,1046.68196927267,453.64749470632,0.0,0.0,0.0,0.0,0.0,0.0
27.2,2.09438084675372E7,15.6479109519641,0.0,-1.137E-13,1.72694839001833,870.5946861080399,18162.1420837938,4.28078425724E-5,0.0,32.1428994764918,-52235.6811664824,1044.48255444286,0.0013480173851497,1050.4388796445,453.956853126204,0.0,0.0,0.0,0.0,0.0,0.0
27.3,2.09437212479116E7,15.8211642193709,0.0,0.0,1.73967591948512,873.797827326375,18074.9224583432,4.32819901498E-5,0.0,32.1431676270245,-52427.8696395825,1044.83970046181,0.0013519457660879,1054.22064183195,454.267354438111,0.0,0.0,0.0,0.0,0.0,0.0
27.4,2.09436337079706E7,15.9956916303781,0.0,-3.411E-13,1.75245024433151,877.00099526946,17987.3825174346,4.37596280374E-5,0.0,32.1434367657202,-52620.0597161676,1045.19803839424,0.0013558974075798,1058.02740231958,454.578998680172,0.0,0.0,0.0,0.0,0.0,0.0
27.5,2.09435458477114E7,16.1714978725285,-4.0E-16,-1.137E-13,1.76527136553647,880.2041900356016,17899.5222583971,4.42407691247E-5,0.0,32.1437068926243,-52812.2514021361,1045.55756705866,0.0013598724208414,1061.85930862873,454.891785890675,0.0,0.0,0.0,0.0,0.0,0.0
27.6,2.09434576671314E7,16.3485875217011,-2.0E-16,0.0,1.77813928408019,883.407411723105,17811.3416785299,4.47254259961E-5,0.0,32.1439780077823,-53004.4447033863,1045.91828527121,0.0013638709177638,1065.71650932288,455.205716107975,0.0,0.0,0.0,0.0,0.0,0.0
27.7,2.09433691662279E7,16.5269653212599,-7.0E-16,-3.411E-13,1.79105400094862,886.6106604302867,17722.840775147,4.5213611695E-5,0.0,32.14425011124,-53196.6396258172,1046.28019184582,0.0013678930109178,1069.59915401576,455.520789370614,0.0,0.0,0.0,0.0,0.0,0.0
27.8,2.09432803449981E7,16.7066359401724,-2.0E-16,0.0,1.80401551712944,889.8139362554633,17634.0195455402,4.57053390617E-5,0.0,32.1445232030433,-53388.8361753278,1046.64328559416,0.0013719388135569,1073.50739337747,455.837005717279,0.0,0.0,0.0,0.0,0.0,0.0
27.9,2.09431912034395E7,16.8876040101749,-9.0E-16,-1.137E-13,1.81702383361562,893.0172392969549,17544.8779869899,4.62006208353E-5,0.0,32.1447972832384,-53581.0343578173,1047.00756532569,0.00137600843962,1077.44137914104,456.154365186787,0.0,0.0,0.0,0.0,0.0,0.0
28.0,2.09431017415491E7,17.0698742189124,-2.0E-16,-1.137E-13,1.83007895140299,896.2205696530899,17455.4160967729,4.66994699081E-5,0.0,32.1450723518714,-53773.2341791854,1047.3730298477,0.0013801020037363,1081.40126410993,456.472867818159,0.0,0.0,0.0,0.0,0.0,0.0
28.1,2.09430119593243E7,17.2534512354031,-4.0E-16,-1.137E-13,1.84318087149062,899.4239274222,17365.6338721401,4.72018991224E-5,0.0,32.1453484089888,-53965.435645332,1047.73967796513,0.0013842196212256,1085.38720216238,456.792513650412,0.0,0.0,0.0,0.0,0.0,0.0
28.2,2.09429218567624E7,17.4383397472702,-4.0E-16,-1.137E-13,1.8563295948818,902.6273127026217,17275.5313103683,4.77079213716E-5,0.0,32.1456254546372,-54157.6387621573,1048.10750848092,0.0013883614081053,1089.39934826185,457.113302722857,0.0,0.0,0.0,0.0,0.0,0.0
28.3,2.09428314338605E7,17.6245443863736,-2.0E-16,-1.137E-13,1.86952512258334,905.8307255926934,17185.1084086857,4.82175493972E-5,0.0,32.1459034888633,-54349.8435355616,1048.47652019572,0.0013925274810911,1093.43785846077,457.435235074842,0.0,0.0,0.0,0.0,0.0,0.0
28.4,2.0942740690616E7,17.8120698218117,-2.0E-16,0.0,1.88276745560506,909.0341661907634,17094.3651643246,4.87307960433E-5,0.0,32.146182511714,-54542.0499714458,1048.8467119081,0.001396717957602,1097.50288990941,457.758310745918,0.0,0.0,0.0,0.0,0.0,0.0
28.5,2.09426496270261E7,18.0009207598632,-4.0E-16,-2.274E-13,1.89605659496103,912.23763459518,17003.301574517,4.9247674256E-5,0.0,32.1464625232365,-54734.2580757108,1049.21808241452,0.0014009329557629,1101.59460086202,458.082529775765,0.0,0.0,0.0,0.0,0.0,0.0
28.6,2.09425582430878E7,18.1911018696555,-4.0E-16,1.137E-13,1.90939254166855,915.4411309042983,16911.9176364801,4.97681968805E-5,0.0,32.146743523478,-54926.4678542579,1049.59063050923,0.0014051725944078,1105.7131506832,458.407892204145,0.0,0.0,0.0,0.0,0.0,0.0
28.7,2.09424665387986E7,18.3826177831288,-4.0E-16,-2.274E-13,1.92277529674916,918.6446552164783,16820.2133474014,5.02923766608E-5,0.0,32.147025512486,-55118.6793129887,1049.96435498456,0.0014094369930851,1109.85869985745,458.734398071097,0.0,0.0,0.0,0.0,0.0,0.0
28.8,2.09423745141555E7,18.5754731880442,-2.0E-16,-1.137E-13,1.93620486122674,921.8482076300833,16728.1887044981,5.08202264941E-5,0.0,32.147308490308,-55310.892457805,1050.33925463056,0.0014137262720577,1114.03140999226,459.062047416622,0.0,0.0,0.0,0.0,0.0,0.0
28.9,2.09422821691558E7,18.7696727535876,0.0,0.0,1.9496812361303,925.0517882434816,16635.8437049388,5.13517592274E-5,0.0,32.1475924569917,-55503.1072946089,1050.71532823536,0.0014180405523103,1118.23144382928,459.390840280997,0.0,0.0,0.0,0.0,0.0,0.0
29.0,2.09421895037966E7,18.9652211675565,-2.0E-16,-2.274E-13,1.96320442249144,928.2553971550483,16543.1783459074,5.18869877591E-5,0.0,32.1478774125852,-55695.3238293029,1051.092574585,0.00142237995555,1122.45896524883,459.720776704569,0.0,0.0,0.0,0.0,0.0,0.0
29.1,2.09420965180751E7,19.1621230619857,-7.0E-16,-2.274E-13,1.97677442134551,931.45903446316,16450.1926245652,5.24259248359E-5,0.0,32.1481633571365,-55887.5420677896,1051.47099246356,0.0014267446042122,1126.71413927921,460.051856727908,0.0,0.0,0.0,0.0,0.0,0.0
29.2,2.09420032119884E7,19.3603831247091,-4.0E-16,-1.137E-13,1.99039123373204,934.6627002662016,16356.8865380659,5.29685833572E-5,0.0,32.148450290694,-56079.7620159721,1051.85058065304,0.0014311346214619,1130.99713210194,460.38408039165,0.0,0.0,0.0,0.0,0.0,0.0
29.3,2.09419095855337E7,19.5600060063661,-7.0E-16,0.0,2.00405486069342,937.8663946625617,16263.2600835599,5.35149761218E-5,0.0,32.1487382133059,-56271.9836797537,1052.23133793346,0.0014355501311987,1135.30811106013,460.717447736579,0.0,0.0,0.0,0.0,0.0,0.0
29.4,2.09418156387081E7,19.7609964134608,-4.0E-16,0.0,2.01776530327575,941.0701177506301,16169.3132581785,5.40651160815E-5,0.0,32.149027125021,-56464.2070650378,1052.61326308285,0.0014399912580596,1139.64724466569,461.05195880361,0.0,0.0,0.0,0.0,0.0,0.0
29.5,2.09417213715088E7,19.9633590153243,-4.0E-16,-1.137E-13,2.03152256252959,944.2738696288067,16075.0460590459,5.46190160871E-5,0.0,32.149317025888,-56656.4321777284,1052.99635487743,0.0014444581274245,1144.01470260837,461.387613633913,0.0,0.0,0.0,0.0,0.0,0.0
29.6,2.09416267839328E7,20.1670984440352,-7.0E-16,-1.137E-13,2.04532663950763,947.4776503954932,15980.4584832936,5.51766888881E-5,0.0,32.1496079159559,-56848.6590237296,1053.38061209126,0.0014489508654163,1148.41065575944,461.724412268614,0.0,0.0,0.0,0.0,0.0,0.0
29.7,2.09415318759774E7,20.3722193875655,-2.0E-16,-4.547E-13,2.05917753526744,950.6814601490967,15885.5505280047,5.57381473874E-5,0.0,32.1498997952737,-57040.8876089458,1053.76603349664,0.0014534695989083,1152.83527618336,462.062354749121,0.0,0.0,0.0,0.0,0.0,0.0
29.8,2.09414366476395E7,20.5787265153048,-2.0E-16,-1.137E-13,2.07307525087036,953.8852989880318,15790.3221902884,5.63034044378E-5,0.0,32.1501926638908,-57233.1179392819,1054.15261786396,0.0014580144555262,1157.28873714355,462.401441116974,0.0,0.0,0.0,0.0,0.0,0.0
29.9,2.09413410989162E7,20.786624515189,0.0,0.0,2.08701978737985,957.0891670107117,15694.7734672352,5.68724729432E-5,0.0,32.1504865218565,-57425.3500206427,1054.54036396161,0.0014625855636504,1161.7712131089,462.741671413766,0.0,0.0,0.0,0.0,0.0,0.0
30.0,2.09412452298044E7,20.995917823835,-2.0E-16,0.0,2.10101114589977,960.29306432382,15598.9043556712,5.74453651207E-5,0.0,32.1507813690229,-57617.5838594292,1054.54036396161,0.0014625855636504,1161.7712131089,462.741671413766,0.0,0.0,0.0,0.0,0.0,0.0
